,cluster
FJ410202,46
FJ410220,55
EU482817,57
EU677151,18
EU081191,3
EU482634,45
DQ401690,27
FJ373301,45
EU482582,5
EU687227,5
AY713474,53
EU529683,14
AY679147,14
AY676348,59
AF311957,16
FJ205881,2
EU081236,57
FJ639792,14
DQ645547,38
EU482477,57
FJ432741,59
EU482702,46
FJ024434,11
FJ205879,46
FJ410204,11
FJ639683,21
EU081207,3
DQ645553,38
FJ639750,14
FJ024442,2
FJ410285,2
EU482615,16
FM210210,8
AY732476,43
EF457904,1
AB189128,36
EU569700,45
EU482737,5
FJ432734,11
EU482573,5
AY702040,13
FJ024477,45
EU081222,3
FJ639690,21
FJ410209,11
EU482627,45
EU660403,2
EU569715,5
FJ547061,59
EU482760,45
FJ639732,45
FM210229,8
EU081249,57
EU081252,57
EU482684,45
EF105378,1
EU482681,45
DQ285559,16
EU482783,8
FJ461334,59
EU482742,5
FJ461314,46
FJ410246,57
EU482688,45
EU081235,57
EU596488,5
FJ639836,45
EU660419,2
FJ547068,16
AB189121,29
EU482733,5
EU482609,32
EU569707,5
FJ639824,32
FJ410279,57
EU482535,15
EU677147,5
FM210223,8
FJ639744,28
EU081244,57
AY702039,45
EU687245,5
FJ182029,2
FJ024449,2
EU081250,57
EU482465,46
EU482825,15
EU482472,46
EU482530,2
AY722801,0
EU482698,46
EU482504,2
FJ639675,57
FJ182014,45
FJ639699,8
EU081271,57
FJ562097,59
FJ024426,2
EU482790,57
FM210204,8
EU482716,2
FJ410195,46
EU482453,59
AF226685,16
EU677167,2
EU482512,2
EU482576,5
EU596496,45
EU081278,57
FJ432736,11
DQ675527,59
EU482597,45
EU482463,46
EU482553,5
FJ639694,21
EU569697,45
EU249495,15
EU726773,14
EU482555,14
EU482691,45
DQ401694,27
AF513110,16
FJ410237,46
FJ024463,2
FJ410275,2
AY676353,59
EU081209,3
FJ410234,11
EU482487,2
EU482797,57
EU482711,2
FJ024459,57
FJ410174,16
DQ181803,46
EU596503,16
EU854297,28
EU482514,2
AF100463,46
EU848545,44
EU249492,57
EU081240,57
EU482499,2
DQ645546,38
FJ547076,14
FJ639767,14
EU482619,16
AY618993,37
FJ182007,14
FJ547090,45
DQ401693,39
EU482706,57
AY726553,57
DQ675531,59
AY776330,37
EU660420,14
FJ024466,14
DQ181802,46
FJ639809,45
FJ461310,2
FJ182024,57
EU677143,5
EU482653,46
EU081204,3
AF208496,45
EU529691,14
FJ461308,57
EU482565,5
FJ562107,14
FJ024453,2
FJ432748,2
FJ461338,59
EU081180,38
EU660393,2
FJ639722,59
AY145122,29
EU482772,45
FM210246,46
EU482482,2
FJ410179,16
AY722803,0
EU482539,2
EU569714,5
FJ639820,32
EU677175,57
FJ410251,15
FJ639798,14
FJ639758,14
FJ024433,2
FJ461331,11
FJ410187,16
EU482776,46
FJ410258,2
FJ547083,14
EU529695,5
FJ410286,55
EU687222,5
FJ639712,59
FJ639735,16
EF105382,1
EU482494,2
FJ390374,16
EU677174,2
EU482469,46
FJ639693,57
FM210231,46
FJ639831,46
FJ639779,14
AF100460,46
AF169679,46
EU482665,46
EU482586,5
FJ478456,14
AF169681,46
EU482548,5
EU482500,2
EU482641,46
AY713473,0
FJ547066,59
FJ639703,8
FJ024438,2
EU081216,3
EU081264,57
FJ461309,46
EU482608,45
AY702035,45
EU482757,45
FJ639772,14
EU596499,45
FJ410182,16
EU482543,46
EU687217,45
FJ432730,57
EU081227,57
EU677163,2
EU482741,5
EU660407,59
M93130,27
FJ410281,57
EU569703,5
EU482652,46
FJ410270,2
EU482808,57
EU596490,5
EU482678,46
DQ181799,46
EU677155,2
AB189125,40
EU687235,5
FJ461326,59
EU482447,46
FJ373306,14
FJ205882,57
FJ390386,2
EU677139,2
EU482701,46
FJ639795,14
AF204178,19
AB204803,29
EF025110,29
FJ410213,15
EU482598,45
AY726550,53
EU660415,46
AF022437,46
AY732477,53
FJ639719,59
EU660401,2
EU482728,5
EU596500,45
FJ024446,2
EU482671,46
FJ639782,14
EU179859,38
FJ432747,11
FJ639671,18
EU482478,2
EU482457,59
FJ390391,45
EU482794,15
EU569692,45
AF180818,12
EU660396,57
EU687218,14
EU081189,3
FJ410233,46
AF100467,13
FJ182003,15
AY708047,57
FJ639762,14
FJ024423,16
DQ645550,38
FJ024484,16
AF326573,28
FJ024473,45
FJ547071,14
EU482738,5
EF105385,1
FM210219,8
EU482723,5
FJ639829,46
EU482813,57
EF629366,14
EU482657,46
EU081183,3
FJ461317,11
EU482674,46
FM210205,46
FJ390381,2
EU081195,3
EU687240,5
FJ410226,57
FJ410191,57
AF169686,46
AY618989,51
EU726780,2
EU529698,14
FJ410255,2
FJ373298,2
EU081276,57
FJ410198,2
EU726776,46
EU482525,11
EU529704,14
EU081177,38
FM210213,8
EU854293,19
FJ182040,14
EU482646,46
EU482746,5
EU482812,2
FJ410217,46
AY648961,36
EU081247,57
FJ410178,14
FJ024471,14
FJ024483,16
DQ193572,57
FJ639769,14
FJ547078,14
EU482693,45
EU529687,14
DQ675523,59
FJ432722,59
EU482559,14
FJ182021,2
EU687238,5
EU482712,57
EU482591,32
AF317645,27
FJ410260,15
EU677170,2
EU081256,57
EU482624,45
AF119661,8
FJ639706,46
EU726778,2
EU482550,5
EF457905,-1
EU482605,45
FJ182037,14
EU482612,14
FJ639815,32
FM210239,8
EU687213,5
EU482705,46
FJ410205,2
FJ205876,2
FJ410211,11
EU482552,5
EU482546,45
AF100464,46
FJ547067,46
EF105386,1
FJ639827,14
FJ547060,15
FJ432739,57
EU677148,46
FJ639759,14
EU081212,3
EU482476,15
EU482505,57
EU081255,57
DQ181806,46
EU081251,57
EU529702,14
FJ461305,46
FJ410249,57
EU482610,32
FJ461335,15
EU482803,57
EU482490,2
FJ024482,16
EU482575,5
FJ410284,15
EU081280,57
AF038402,19
FJ384655,16
EU482508,2
DQ645545,38
AF311958,16
FJ639835,45
AJ968413,19
FJ639689,21
EU081221,40
EU529689,14
EU179860,43
FJ639811,32
EU687244,5
EU482647,46
EU726769,14
EU596487,5
AY676349,59
FJ639777,14
EU687251,2
EU482632,45
FM210234,8
EU482745,5
EU482593,5
EU529699,14
FJ639707,46
EU081199,3
AB074760,44
EU482802,57
FJ547080,14
EF122231,16
EU081266,57
EU482818,2
AY744679,30
EU660399,5
FJ410186,16
EU081281,57
AF309641,57
EU677159,11
EU482734,45
FM210202,8
EU482526,15
EU482729,5
M84727,46
AB189127,40
FJ410253,57
EU781137,14
DQ675522,59
EU482763,45
EF032590,29
EU660413,46
EU569689,14
AF169685,46
FJ024443,2
EU482771,45
FJ410278,2
FJ432744,57
AB189120,29
FJ024465,14
FJ547088,16
FJ024437,2
EU482513,2
EU482554,5
EU482692,45
EU677144,5
FJ410268,57
EU482596,14
FJ182025,2
FJ182026,2
FJ373296,11
FJ639740,32
FJ182034,57
EU482710,15
EU081232,57
EU482515,2
EU482531,15
EU687197,14
AF298807,4
EU482460,59
AF022438,46
FJ639743,32
U88537,29
FJ432733,15
EF105380,1
FJ547075,14
EU687234,14
FJ182033,18
FJ182006,14
EU482493,2
FJ024452,46
EU677141,5
EU677150,57
AY732481,53
EU726772,14
FJ461324,11
DQ675526,59
FJ024451,2
FJ432726,46
EU482528,57
EU529690,14
EU482683,45
FJ373299,46
EU482601,45
FJ639695,21
EU660404,45
EU482536,57
FJ390382,2
FJ024462,2
FJ639788,45
EU482822,15
EU569718,5
EU482719,5
EF051521,38
FJ639730,59
EU482486,18
EU854296,28
DQ285558,29
EU482637,45
FJ639786,14
FJ639768,14
EU482699,46
EU482583,5
FJ639717,46
EU677172,2
FJ639731,59
FJ390373,14
EU482784,46
EU249493,57
EU081217,3
FJ024478,16
FJ205874,16
EU482584,5
EU482791,15
EU482798,57
FJ639721,59
AY744682,30
FJ024427,2
M87512,6
EU482758,45
EU081243,57
FJ639830,46
FJ639818,32
EU482614,14
EU482566,14
EU482604,45
EF629370,27
AY496877,39
FJ410223,46
FJ562102,59
FJ410196,2
EU482680,45
FJ410250,11
EU660392,57
AF169683,46
FJ024458,46
FM210243,8
FJ478458,16
AF100459,46
EU482466,46
EU081208,3
EU081201,3
FJ639808,32
AY722802,0
EU081185,3
EU482642,46
AY618990,52
FJ390377,14
EU482579,5
FJ205873,16
EU854301,28
FJ639674,57
FJ547065,2
FJ410212,55
EU482677,46
FJ639773,28
AF100468,13
EU660395,18
EU482569,5
AY676350,59
DQ645542,38
EU482643,46
FJ639828,46
EU482807,57
FJ182017,28
FJ639814,32
EU482501,2
EU569706,5
EU482666,8
FJ639796,32
FJ639783,45
EU482709,2
AF298808,53
EU482452,59
EU482821,2
EU482607,45
EU482660,8
FJ410267,11
EU482766,45
AB189124,38
AB074761,29
EU081226,57
FJ410280,11
EU482651,46
EU482787,8
EU596504,16
FJ639685,21
EU529688,14
FJ024447,2
FJ410274,11
FM210206,46
FM210238,8
FJ205883,2
FJ478455,45
EU081190,3
AY145121,29
EU529703,14
AF100465,13
EU687223,5
EU482496,2
AY702036,45
EU482542,46
EU726777,2
U88535,29
EU482519,15
EU482587,5
EU081248,57
FJ547084,14
EU482670,46
EU596501,16
FJ639738,28
AF169680,46
EU482623,45
EU569693,45
EU482590,5
EU482754,45
FM210218,8
EU081237,57
FJ410224,46
AF514876,16
EU482739,5
FJ461327,2
EF629367,14
EU687243,5
FJ547077,14
EU482720,5
FJ639770,14
EU482730,5
FJ461313,11
EU677168,2
FJ432723,15
EU482780,8
FJ410181,16
FJ639757,14
EU482611,32
FJ410261,2
FM210230,8
FJ410200,46
DQ645552,38
FJ432729,15
M20558,5
EU482522,2
EU482775,46
FJ639763,14
FJ639760,14
FJ461341,2
EU726775,45
FJ639704,46
EU081259,57
FJ639801,14
FJ639823,32
AF169678,46
EU482749,45
EU482694,45
EU854292,14
EU482724,5
EU081263,57
EU482826,57
EU482446,46
FJ410254,57
EU482673,46
FJ024474,45
EU687214,5
EU081246,57
EU081275,57
EU081213,3
FJ182018,2
EU482795,57
EU677164,57
FJ410277,2
AY762084,43
AF100461,46
AY732480,7
EU482600,45
EU687230,5
EU482633,45
EU482481,15
FJ410232,11
FJ182011,14
EU660408,59
FM210216,46
EU569694,45
EU482715,2
FJ410227,57
FJ182002,16
EU482558,14
FJ547070,14
FJ410216,57
FJ639725,59
AY732478,53
FJ410199,57
EU529694,5
EU081205,3
EU482667,46
FJ461339,57
FJ562101,57
FJ461336,2
DQ675521,59
FJ024457,2
AY776329,36
EU482485,2
AF022439,46
FJ639789,14
DQ181801,8
AY496871,39
EU482603,45
EU081184,3
EU482618,16
FJ639834,45
FJ639805,14
FJ639688,2
EU482713,2
EU677154,2
FJ410193,46
EU660391,57
EU081182,3
EU482779,8
FJ562106,16
AB122020,45
FJ182035,57
EU596494,14
FJ639749,14
EU726768,14
FJ639720,59
EU482750,45
EU529696,14
FJ639810,14
EU179857,38
FJ410239,2
EU482574,5
FJ639713,59
EU482622,45
EU482561,5
AY744685,30
FJ182041,14
FJ639813,32
AF022434,46
FJ390388,2
EU596491,45
FJ639708,46
FM210220,8
FJ410190,16
EU482631,45
FJ432745,21
FJ410176,14
FJ410175,16
EU677176,18
FJ639679,21
FJ432742,15
FM210226,8
FJ410192,2
EU482744,5
EU677137,46
EU482770,45
AF038403,19
FJ182020,57
EU660398,5
EU569709,5
FJ410291,45
FJ410264,15
FM210242,46
EU081181,3
EU687250,46
FJ024479,16
EU482735,45
FJ024464,2
EU482456,59
EU081200,3
EU482572,5
FJ461332,11
FJ639734,45
EF457906,-1
EU482762,45
EU081254,57
A75711,6
EU081187,3
EU482806,15
FJ410257,11
EU482726,45
EU482461,59
FJ432720,16
EU677177,2
FJ639680,11
EU687219,14
FJ639780,14
EU677160,57
FJ024424,28
EU687196,14
EU482648,8
EU687198,14
EU482527,57
FJ639817,14
EU280167,55
AY876494,59
FJ390383,2
EU482592,16
FJ639747,14
FJ182030,2
FJ373302,14
FJ024431,11
FJ024450,2
FJ410252,57
FJ461316,21
EU482814,57
AY726555,53
EU482695,45
FJ639677,11
EU781136,14
FJ182013,14
EU482769,45
FM210227,8
AY744147,13
EU596492,14
EU854295,28
FJ547074,14
AF350498,53
EU677169,18
EU529685,14
EU482828,57
EU482449,8
EU687237,5
EU482537,15
EU081242,57
FJ639764,28
FJ639765,14
EU081211,3
EU687247,57
EU056811,13
FJ639787,14
FM210244,8
AF100469,13
FJ410221,46
FJ461306,2
EU726771,14
EU482510,18
EU482480,57
EU569698,45
AY744681,30
FJ639739,28
FJ639724,59
EU482595,14
FJ562099,59
AF326826,28
EU596486,5
EU569695,45
FJ024461,46
EU569713,5
EU569717,5
EU677173,15
FJ182009,14
EF105379,9
FJ639670,11
AB189123,38
FJ182027,2
EU482718,2
EU677158,2
FJ639687,57
FM210237,8
FJ024481,16
EU660410,59
EU660416,46
EU677165,2
FJ410287,2
EU677142,45
FJ390372,14
EU482785,8
FJ410185,16
EU482613,14
FJ639790,14
FJ410273,57
EU569704,5
EU482759,45
EF122232,16
FJ432727,2
EU482823,2
FJ410228,46
EU482467,46
FJ639756,14
EU482557,5
EU482444,45
FJ547089,16
EU482819,57
FJ639803,14
EF643017,14
AY835999,55
EU482620,45
EU249494,15
FJ226067,28
EU482567,16
EU081202,3
DQ645556,38
AF169682,46
EU081265,57
FJ478457,16
FJ639778,14
EU854300,28
EU081178,38
DQ401692,39
EU482676,46
EU596502,16
EU569720,5
EU482506,2
AY702037,45
FJ410283,2
FJ639696,57
EU482656,46
EU529706,5
EU687212,45
DQ645541,38
EU482799,2
EU726774,14
EU726782,2
EF105381,1
DQ401695,27
EU482578,5
EU482781,8
FJ410225,2
EU596485,5
EU482774,46
AY726552,53
EU482568,5
FJ639784,14
EU569690,14
EU482626,45
FJ024440,2
AF022441,46
AY618991,52
EU482788,8
FJ410219,46
FJ639746,14
EU081258,16
AY676351,59
AY206457,16
DQ401689,39
EU482523,2
FJ562100,59
EU482520,2
FJ547081,14
AF514885,16
FM210224,8
FJ639673,18
FJ410266,15
EU569712,5
EU081277,57
EU482492,2
DQ181805,46
FJ432732,2
FM210207,46
EU482663,46
EU677149,46
EU569719,5
EU081218,3
FJ461325,2
FJ432728,59
EU482700,46
EU482545,45
EU482585,5
FJ024475,45
EU482725,5
EU596483,45
DQ675519,36
EU482801,2
EU569702,45
FJ410241,46
AY713476,57
FJ461312,57
FJ639797,32
FM210217,8
FM210212,8
EU660405,45
FJ547064,46
EU482740,5
FJ639742,28
AF289029,52
EU482810,57
EU081270,57
FJ205875,16
FJ410210,2
FJ205877,46
FJ205884,2
AF226687,16
EU482471,46
FJ024432,2
EU081229,57
EU482644,46
EU081225,3
EU482489,2
AB178040,57
EU482827,15
EU687220,5
DQ675520,59
EU854298,14
FJ024455,2
FJ410201,11
FJ182038,14
FJ562105,16
FJ639684,57
EU081220,3
FJ639709,46
DQ645544,38
FJ410235,57
EU482532,57
FJ639800,14
FJ182031,2
FJ024428,2
FJ639822,45
FJ432749,15
AF100466,5
DQ285561,29
EU081198,3
EU081233,57
DQ181800,46
EU482721,5
EU677145,45
FJ639728,59
FJ410180,16
FJ432743,59
EU687224,5
FJ461321,46
FJ390390,45
EU854291,14
EU482588,5
EU081223,40
FJ639816,14
AY496873,39
FJ024436,57
FJ177308,14
FJ639681,11
EU081268,57
FJ182005,14
FJ547085,14
EU482571,5
FJ410290,16
EU081179,38
AF022435,46
FJ639714,59
EU482805,2
FM210233,46
EU687199,5
FJ639691,57
FJ024444,2
EU482617,16
FJ639678,18
AY744684,30
FJ390376,14
EU081269,57
EU482778,8
EU482714,57
DQ645551,38
EU482687,45
EU529693,5
FJ024469,14
FJ182016,28
FJ390384,46
FJ639804,14
FJ461319,21
EU482659,46
FM210203,8
FJ461333,21
EU482516,2
FJ024476,28
EU482792,15
EU482451,46
EU482668,46
EU081245,57
AY744677,30
EU081262,57
EU863650,29
EU569710,5
EF629368,14
EF105383,1
FJ410256,57
FJ639752,14
FJ639807,14
EU529684,14
EU482621,45
EU482736,5
EU596497,45
FJ639774,14
FJ410184,16
FJ373303,14
FJ182022,2
EU677153,2
FJ639729,59
FJ205870,14
EU482636,45
FJ639793,14
EU081238,57
EU482650,46
FM210208,8
FJ547079,14
EU482518,15
FJ547072,14
EU726779,2
EU081219,3
FJ410215,46
EU569705,5
EU677161,2
FM210241,8
EU482497,2
EU482450,46
EU482541,46
DQ675530,59
AF169688,46
EU660409,59
FJ024460,2
EU482562,5
FJ182008,14
FJ182010,14
EU482475,46
AF489932,5
AY099337,14
EU482484,57
EU677178,2
EU081214,3
FJ410276,2
AF100462,46
EU081273,57
EU482696,45
EU482690,45
EU081193,3
EU687215,5
EU482556,5
EU529686,14
EU482731,45
FJ410229,59
FJ547073,14
EU482511,2
EU081230,57
FJ410206,2
FJ410189,16
EU482686,45
EU482689,45
FJ639781,14
DQ675528,59
FJ639766,14
EU482502,2
EU529705,14
EU482560,45
EU081274,57
EU687233,14
EU482581,5
EU569696,45
AF514889,16
EU482509,2
EU687249,46
FJ373304,14
FJ639723,59
FJ432735,57
FJ461340,2
M84728,46
FJ639726,59
AY732475,7
EU081234,57
FJ639833,45
FJ639775,14
EU482445,46
EU482606,45
FM210236,8
FJ461322,59
EU482704,46
EU482661,46
EU569699,45
AF326827,28
FJ410245,2
EU482580,5
AY923865,59
FJ639682,11
FJ410208,46
EU569716,5
EU482786,46
FJ410240,57
EU081279,57
EU081188,3
EU596493,14
FM210221,8
EU687228,5
EU081192,3
AY145123,29
EU482703,46
EU529700,5
EU482800,57
DQ645555,38
EU687231,5
EU482616,16
EU482507,2
EU482809,57
FJ410262,57
EU482594,5
EU081206,3
DQ645554,38
FJ410231,18
FJ390380,16
EU482782,46
FJ410238,57
EU482682,45
EU056810,10
FJ547062,59
FM210211,46
EU687246,46
FJ639737,28
AY496879,27
EU482815,57
EU482464,46
EU482820,57
EU482544,5
EU482640,38
FJ182012,45
DQ645548,38
FJ639701,8
EU482655,46
EU482521,21
EU482664,8
EU660402,57
DQ181797,46
FJ461307,55
EU081272,57
FJ639791,14
EU179858,38
EU529692,14
FJ432740,2
AY947539,52
FJ547082,14
AY726554,57
FJ024441,2
FJ205880,46
AY776328,38
FJ182019,2
EU482675,46
FJ024472,2
FJ205872,16
FJ410282,2
EU482538,57
EU726770,5
FJ024456,15
FJ182028,2
AB122022,45
FJ639697,8
EU677152,57
EU482628,45
EU081228,57
EU687221,14
EU081197,3
FJ024448,2
EU482454,59
FJ024425,2
FJ639741,16
FJ562104,16
DQ401691,39
EU482761,45
FJ562098,46
FJ432737,2
FJ547063,2
FM210222,8
FJ373297,18
EU677157,2
EU482473,46
EU482534,57
EU854294,45
EU687242,5
EU660390,11
EU482658,46
EU482824,15
AY732474,43
EU482549,5
FJ024435,2
FJ639669,11
FM210228,8
FJ639802,32
FJ390371,14
EU482639,45
EU482455,59
EU482483,2
FM210215,46
FJ639733,45
FJ024470,14
EU081210,3
EU687226,14
FJ639715,59
FJ461337,59
AF276619,47
EU081231,57
EU482625,45
EU660406,45
AY732482,55
FJ432731,59
EU687241,5
EU482517,2
FJ639700,8
EU482488,57
DQ181798,46
FJ024480,16
AY618992,52
AY702038,45
EU596495,45
EU482495,18
EU687236,5
FJ024467,14
EU482448,46
FJ639698,8
EU482630,45
EU482697,46
EU249490,57
EU482462,59
EU081253,57
FJ639825,14
AB189122,38
EU660411,59
DQ181804,46
AF514878,16
EU482732,5
DQ645543,38
FJ461315,2
EU569701,45
EU482773,45
FJ410188,16
AY713475,53
AY732479,55
EU482722,5
EU677156,2
EU781135,5
FJ410272,2
FJ639676,18
FJ639686,21
EU482743,5
EU482498,2
EU660418,2
EU660417,46
EU529697,14
EU482727,5
EU482602,45
EU482577,5
FJ410173,16
EU482796,15
EU687232,5
FM210225,8
FJ639755,14
AY037116,38
EU482638,45
EU482708,2
FJ639771,14
FJ639754,14
EU249491,11
DQ285562,43
EF629369,14
EU482793,57
FJ182004,14
EU482649,46
EU726767,46
EU482717,2
FJ639710,46
FJ410222,2
EU569691,14
DQ675524,59
EU482748,45
FJ205885,45
EU482470,46
EU081215,3
FJ639785,14
FJ639761,14
EU687216,45
EU596489,5
EU482540,11
EU482547,5
FJ024445,2
AY744680,30
FJ639745,28
FJ182015,14
AF022436,46
AY618988,51
FJ461318,18
AY676352,59
EU677146,5
EU596498,45
FJ410214,15
EU687248,46
EU482662,8
EU569708,5
FJ182036,2
FM210240,46
FJ182023,2
EU482777,46
FJ639711,46
U87412,46
EU482599,45
EU482654,46
EU569721,46
FJ390385,46
EU482589,5
EU482551,5
FM210245,46
FM210214,46
EU482685,45
FJ182032,57
EU482570,5
FJ410197,2
FJ390379,16
EU687239,14
EU359009,38
FJ024468,14
AF311956,16
AY496874,39
AY726549,57
EU677166,2
AY766104,59
FM210209,8
FJ639821,32
EU482474,46
EU660394,2
FJ410218,15
EU081241,57
FJ639832,46
FJ410244,57
EU482563,14
EU482707,11
EU482635,45
EU482811,55
DQ645549,38
FJ639751,14
DQ675525,59
EU854299,28
FJ432725,2
FJ390375,14
FJ410259,46
EU482529,2
FJ639819,32
EU482756,45
FJ639806,32
FJ432738,2
EU529701,5
FJ205878,46
AY702034,45
EU726781,57
FJ410207,57
EU482459,59
FJ410247,21
FJ205871,14
AF022440,46
AF180817,12
EU081186,3
FJ639799,14
FJ024454,46
FJ024439,2
EU482804,57
EU482503,2
EU677162,57
FJ024485,16
EU081203,3
EU482468,46
AY726551,57
EU482564,14
FJ182039,14
EU569688,14
DQ675533,3
FJ410177,14
FJ024429,2
FJ478459,45
FJ410236,2
FJ639837,45
FJ562103,59
FJ410242,57
FJ390387,46
FJ390378,16
FJ410263,2
FJ410288,46
FJ373300,45
FJ410269,15
FJ410289,2
FJ639692,21
EU081196,3
EU660397,2
FJ639705,46
EU482479,2
FJ547087,16
EU081224,3
EU482669,46
EU660400,5
AB189126,40
EU482679,46
AF204177,19
FJ373305,2
FJ432746,57
FJ461311,46
AF375822,28
DQ645540,38
AF514883,16
EU660414,46
FJ461330,2
EU081257,57
FJ432721,16
EU482672,38
FJ639672,11
FJ639794,32
EU569711,5
EU596484,45
EU677138,46
EU621672,45
FJ024430,2
FJ410183,16
EU081267,57
AF359579,47
EU482645,46
EU482491,57
FJ226066,45
EU482789,15
AF169687,46
FJ639736,28
EU482524,2
EU081261,57
AY744678,30
FJ639812,32
EU482533,57
EU482629,45
FJ639826,14
AF226686,16
EU482458,59
EU482747,5
EU687225,5
FJ547086,16
FJ461323,11
FJ410230,2
FJ410248,57
FJ547069,14
FJ639718,46
FJ432719,2
FJ461303,2
FJ639748,28
FJ410203,11
FJ639702,8
FJ639727,59
FJ461329,59
FJ410194,2
FJ410243,57
FM210232,8
EU081239,57
EU482816,57
EU081260,57
EU081194,3
FJ639776,14
AY732483,53
AY744683,30
FJ639753,14
EU687229,5
FJ410265,2
EU660412,11
AF169684,46
EU677171,2
FJ639716,59
FM210235,8
EU677140,2
FJ898469,14
GQ199874,45
GU131816,11
GQ868587,14
FJ469907,57
GU131814,21
GQ868556,45
GU131725,11
GU131822,21
GQ868642,28
FJ898428,15
FJ744745,45
GQ868633,21
GU131820,15
FJ882569,15
GQ252674,3
GU131679,57
GQ199776,2
GQ199880,28
GQ199853,57
GQ199803,11
FJ898467,45
FJ882597,28
EU932688,14
GU131884,45
FJ850055,14
FJ882554,2
FJ898475,20
FJ687444,46
FJ873809,32
GQ868507,16
GU131789,21
FJ744739,59
FJ882563,11
GQ199812,2
FJ873810,32
GQ868600,13
FJ898397,57
GU131710,2
GU131916,59
GQ199863,20
FJ882587,28
FJ850089,14
GU131720,15
GU131841,32
GQ868564,32
AB519681,16
GU131879,45
GU131743,2
FJ898400,57
GU131850,14
FJ687433,57
FJ810411,46
GQ199877,32
GQ199788,57
GQ868522,16
GU131739,2
FJ882595,28
FJ898442,14
FJ882582,28
FJ850067,45
GU131834,32
FJ850121,45
GQ199823,2
FJ898452,46
FJ898407,18
GQ199804,2
GQ868523,16
FJ882533,15
GQ199818,11
GQ868576,14
FJ882560,21
GQ868581,28
GQ868596,5
FJ744713,46
GU131946,59
FJ810418,45
FJ898459,14
GU131760,2
FJ898415,15
GQ868535,16
GU131891,21
GQ868504,16
FJ850113,16
GU131783,2
GU131866,14
FJ898384,57
FJ882538,57
FJ882521,57
FJ850049,20
GQ199811,57
FJ850075,17
GQ199848,15
FJ744730,59
GU131680,55
FJ898378,57
GU131862,14
FJ906962,45
GQ868516,45
FJ744721,46
FJ850107,45
GU131704,2
GU131685,2
GU131852,14
FJ873814,16
GU131770,2
FJ467493,9
FJ898410,57
GU131795,2
FJ850097,14
GU131733,2
FJ744728,59
FJ882528,11
FJ898458,14
FJ744740,59
GU131804,2
FJ898382,2
GU131864,45
FJ898404,15
FJ687426,55
GU131762,57
FJ898371,15
GQ868571,14
GQ199889,3
GQ199872,16
GQ199855,2
GQ868626,59
GQ199886,14
GU131827,2
GQ868546,14
GU131837,32
FJ687448,59
FJ882535,57
FJ906966,19
GQ868630,57
GU131767,57
GU131737,15
GQ868500,16
GQ868598,5
GU131904,59
GQ868583,28
GU131935,59
GU131722,57
GQ868607,15
GQ868517,16
GU131727,15
GU131715,15
FJ687446,46
GU131910,59
FJ898423,18
FJ906958,46
FJ687435,46
FJ882565,15
GU131780,57
FJ850054,45
GU131750,2
GQ868544,46
FJ882517,57
GQ199814,57
GU131787,2
GU131918,59
FJ898395,11
GQ868589,13
GQ199851,57
GU056031,32
FJ810417,28
GQ868602,29
FJ744732,59
FJ898446,14
GQ199861,20
GQ199837,15
FJ906967,19
GU131711,55
FJ882558,57
GQ868567,32
FJ850084,17
FJ850072,5
GQ868551,45
FJ898374,15
GU131902,46
GU131813,2
FJ850104,32
FJ687428,55
GQ199815,2
FJ898455,30
GQ199843,18
GU131707,2
GQ199826,57
FJ882550,15
FJ744701,32
FJ882573,3
GU131689,57
GU131700,57
FJ898439,45
FJ898391,57
GU131896,46
GU131798,15
FJ898417,57
GU131937,59
FJ850088,45
FJ898435,45
GQ199806,57
FJ898463,14
GU131713,55
GQ252676,47
FJ850065,45
GU131829,55
GQ199794,2
GU131782,15
GU131698,57
FJ898425,15
FJ898477,45
GU131732,2
FJ850095,28
GU131772,57
FJ898393,15
GQ199799,57
GU131811,57
FJ850116,45
GQ868506,16
GQ199833,15
GU131868,14
GQ199781,15
GQ199797,57
GQ868525,16
GQ868538,16
FJ469909,57
FJ882522,2
GU131818,57
FJ906964,57
FJ898454,47
FJ898447,14
GU131893,21
FJ882599,28
GQ868509,16
GQ199897,45
GU131706,2
GQ199821,57
GU131777,21
GQ199899,19
GU131854,14
GU131943,59
GQ199847,57
FJ882524,15
FJ882580,28
FJ850077,17
GU131925,21
FJ882571,3
FJ744723,46
GQ199900,19
FJ850082,45
GU131924,46
GQ868640,45
FJ882552,57
GQ868611,2
FJ744715,46
FJ744709,45
GQ199868,45
GU131745,2
GQ199778,2
GQ868635,21
FJ882549,18
GQ199816,57
GU056032,16
FJ906960,45
GU131861,14
FJ898462,14
GU131871,14
GQ199824,57
FJ898398,57
GQ868610,15
FJ882602,47
GU131889,21
GQ868499,16
GQ199895,45
GU131756,57
GU131933,59
GQ199870,20
GU131880,45
GU131786,57
FJ898471,14
GQ868565,32
GU131709,55
FJ687436,46
GQ868585,28
GQ868569,32
FJ859029,57
FJ882515,15
GU131723,2
GQ199820,57
FJ744725,46
FJ850117,45
GU131877,14
GQ868579,28
FJ687441,46
GU131696,15
GQ199867,16
FJ744706,45
GQ868519,16
FJ898448,29
GU131838,32
FJ882575,3
FJ882556,2
GQ868520,16
FJ882536,11
GQ199796,2
GU131791,2
GU131911,59
FJ882570,15
GU131765,57
FJ744738,59
FJ850074,45
FJ898440,14
FJ898376,15
GU131702,2
FJ850085,45
GU131682,2
FJ850061,45
GQ199771,2
GU131801,55
GQ868562,32
GU131684,57
GU131744,57
FJ850069,18
FJ850102,32
GQ868534,16
GU131687,57
GQ868529,16
GU131840,32
GQ868628,59
GQ199834,15
GU131808,2
FJ898388,57
GQ199830,15
GQ199839,15
FJ898444,14
GQ868574,14
GQ199777,2
GU131922,21
FJ882579,32
FJ810409,46
GQ199865,20
GU131882,45
GU131941,59
GU131836,16
GQ868577,14
FJ687434,46
FJ898429,18
FJ882541,18
GQ199890,45
GQ868613,57
FJ744743,45
GQ868638,46
GQ199884,28
FJ882588,28
FJ850063,45
GU131721,2
GQ868553,45
GQ868547,14
FJ898466,45
GU131730,57
FJ850119,45
FJ898402,57
GQ868646,45
GQ252678,14
FJ850110,14
GQ199808,57
GQ199786,2
GQ868644,28
GU131832,32
FJ898432,45
FJ882547,11
GU131774,21
GQ199798,57
GU131845,14
GU131831,2
GQ199844,15
GQ868604,45
GQ199829,2
GQ868501,16
FJ744718,46
FJ882530,57
FJ898422,57
FJ810415,32
GQ868531,16
FJ898411,57
FJ744734,59
GQ199856,57
FJ810412,46
GQ868609,15
GU131769,15
GQ868526,16
FJ850101,32
GU131928,46
FJ898457,14
GU131855,14
GQ868510,16
FJ906956,45
GU131763,15
FJ850093,32
GQ868527,16
FJ882551,57
GQ868497,45
FJ850064,45
GU131708,21
GQ199795,2
GU131766,15
GQ868603,5
FJ882598,28
FJ850100,32
GQ199892,45
FJ898416,15
FJ898436,45
FJ744736,59
GU131694,2
GQ868615,2
GQ868621,46
FJ810416,14
GQ199785,18
GU131688,57
FJ469908,57
FJ906957,46
FJ898478,45
GU131844,14
GQ199784,15
GU131734,57
GQ199828,11
GQ868573,14
GQ199780,57
GQ868586,14
FJ898474,14
FJ882601,28
FJ873811,46
GU131858,14
GQ868637,18
GU131888,21
FJ850103,32
GQ868568,32
GU131790,2
GU131920,21
GQ868528,16
GQ199898,45
FJ850115,45
FJ687442,46
FJ850058,28
FJ882584,28
FJ687439,46
FJ882555,57
GQ868612,11
GU131874,14
GU131794,57
FJ432724,46
GQ868606,57
FJ882561,15
FJ687430,57
FJ687447,46
GU131914,59
GQ868620,46
FJ873808,45
FJ898381,57
FJ882518,15
FJ898392,15
FJ898380,2
GQ199835,15
GQ868590,13
FJ898430,57
GQ868608,57
GQ868554,45
DQ448231,47
FJ744710,46
GQ252677,47
GU131921,21
GQ868502,16
FJ850094,14
FJ850059,28
GU131719,2
FJ913015,14
FJ687445,46
FJ850091,45
FJ898470,14
FJ687443,46
GU131851,14
GU131938,59
GU131803,2
GU131736,55
FJ850087,17
FJ898385,15
GU131843,10
GQ199883,28
GQ199857,16
GU131771,21
FJ898403,57
GQ199800,57
FJ882540,57
GU131853,14
GQ199792,11
FJ810413,59
FJ882516,11
FJ744735,59
GQ199850,15
GU131695,2
GU131728,21
FJ898372,11
GQ199775,18
GU131865,14
FJ882559,57
GQ199869,45
GQ868601,17
FJ850105,45
FJ850051,45
GQ868641,45
GQ199789,57
GU131826,21
FJ882586,28
GQ868512,16
GU131718,15
GQ868513,16
FJ850050,45
FJ850099,32
GQ199860,20
GU131906,59
FJ744719,46
GQ868580,28
FJ850114,16
GQ199819,2
GU131944,59
GQ868542,46
GU131731,15
GU131686,57
GQ252675,28
GQ868555,45
FJ898464,14
FJ882523,15
FJ898453,45
FJ898460,45
GU131894,21
FJ898438,45
FJ744729,59
GU131895,21
FJ898472,14
GU131678,55
GQ199845,57
FJ850053,45
GQ868619,11
FJ850081,17
GU131936,59
GU131903,59
FJ898450,5
GU131729,2
GQ868539,16
FJ744702,21
GU131747,2
GQ868645,28
FJ882581,28
GU131748,2
FJ744708,45
FJ898386,15
GQ199862,20
GU131908,59
FJ882542,15
GU131776,2
GQ868549,45
GQ199782,15
GU131878,14
GQ199852,15
GQ199881,28
GQ199896,45
FJ744722,46
FJ873812,20
FJ850062,45
GQ868594,52
FJ898461,45
FJ898421,11
GQ199878,28
GU131755,2
GQ868588,13
GU131810,21
GU131701,2
GQ868634,59
FJ687432,57
GQ199813,57
GU131873,14
FJ810410,46
GQ868541,5
GU131754,57
GU131784,57
FJ882596,28
GQ868593,59
FJ882534,11
FJ898441,14
FJ850060,45
GQ199854,57
GQ199846,15
FJ882539,57
FJ906961,45
FJ898437,16
GU131807,2
FJ898390,15
GU131842,32
GU131923,21
FJ898405,15
GQ868572,14
GQ199783,15
FJ850048,20
DQ863638,59
FJ882526,57
FJ882593,45
GU131809,57
FJ898479,45
FJ744703,45
GU131726,15
FJ850080,14
GU131751,57
FJ461320,15
FJ898420,11
FJ687431,55
GQ199801,57
FJ906728,11
GQ868558,45
GU131828,2
GU131876,14
GQ868524,16
GU131863,17
GU131892,21
FJ882544,2
GU131823,2
GQ868625,46
FJ882577,14
FJ882553,2
GU131821,57
EU932687,14
FJ744712,46
FJ882531,57
GQ868624,46
GQ199810,2
GQ199825,21
GQ868518,16
GU131764,55
FJ882594,45
FJ744716,46
FJ882546,11
FJ850066,45
FJ744744,45
GU056030,32
FJ882568,15
FJ850096,14
FJ898413,57
GQ868631,46
FJ898473,14
FJ850108,45
GQ199773,57
GU131768,15
FJ882574,3
GU131867,14
GU131699,2
FJ898445,14
FJ687427,55
GQ199888,3
FJ859028,46
GU131793,2
GQ868618,57
GU131799,57
GU131899,46
FJ898443,14
GQ868575,14
GU131724,2
FJ898465,5
GQ199822,15
GQ199832,15
FJ744726,59
GU131740,57
GQ199790,15
GU131806,2
GQ868515,45
GQ868617,14
GU131898,46
GQ199841,57
FJ882520,18
GQ199875,16
FJ898476,20
GQ868623,46
GQ199802,2
FJ898451,45
GQ868614,15
GQ868616,14
GU131886,46
FJ898449,13
FJ744705,45
GU131870,14
GQ868622,46
GQ199791,15
GU131869,14
FJ882583,28
FJ898426,57
FJ898431,57
GQ199809,15
FJ898468,14
GU131846,14
FJ898406,15
GQ868636,15
FJ882600,28
GU131746,2
FJ898434,45
FJ906969,19
FJ882590,28
FJ850057,28
GQ868560,32
GQ199879,28
GQ868508,16
GQ199805,15
GQ199831,15
GQ868570,32
GQ868595,5
GU131788,21
FJ850070,17
GU131796,57
GQ199807,57
GQ868557,45
GU056029,32
GU131934,59
GU131792,15
GU131690,2
GQ868632,21
GQ868627,59
FJ882543,15
GU131872,14
GU131781,57
GQ868537,16
GU131917,59
FJ744741,45
GU131875,14
FJ898408,15
GU131955,45
FJ906959,19
FJ810419,16
GQ199793,15
GU131945,59
FJ850106,45
GU131815,2
FJ882562,11
GU056033,16
FJ744733,59
GU131812,2
GU131833,16
GU131830,55
FJ744742,45
FJ687437,46
GU131742,2
GQ868561,32
GQ199871,20
FJ898424,18
GQ199887,3
GQ868597,5
GU131800,21
GU131738,15
GU131942,59
GU131883,45
FJ898389,15
FJ744707,45
GQ199864,20
FJ898412,15
FJ882537,18
GU131824,2
GU131919,21
FJ898418,57
FJ898394,15
GQ868591,46
GU131849,14
GU131802,55
FJ687438,46
GQ199849,15
FJ882548,11
GQ868543,46
GQ868503,16
GQ868582,28
FJ744714,46
FJ906963,2
FJ906965,57
GQ199866,45
GQ199873,16
GU131839,32
FJ744737,59
GU131681,15
FJ898456,30
FJ850073,16
FJ850071,17
GQ199894,45
GQ199772,11
FJ687440,46
GQ868505,16
GU131901,46
FJ850083,14
FJ898373,18
FJ687429,55
FJ850112,45
FJ898379,2
GQ868545,46
GQ868536,16
GU131915,59
GU131931,46
GU131825,2
FJ882566,15
FJ898396,15
GU131778,57
FJ744731,59
FJ882529,57
FJ850078,45
GU131817,11
GU131885,45
FJ850079,14
GU131759,57
GQ199838,15
GQ199779,2
FJ744700,14
GQ868578,14
GQ199827,2
FJ744717,46
GU131819,15
FJ906968,19
FJ882576,14
GQ199836,15
GU131932,46
GQ199891,14
GQ868548,14
FJ850111,14
GU131757,15
GQ868533,16
FJ850056,14
GQ868563,32
GU131926,57
GU131913,59
GU131887,21
GU131741,57
GQ199893,45
FJ744711,46
GQ199858,16
GU131940,59
GQ199787,15
FJ882585,28
FJ744727,59
FJ850068,55
FJ873813,20
GU131761,2
GU131693,2
GU131753,15
GQ199876,28
GQ199885,28
GU131881,45
FJ882564,15
GQ868559,32
GQ868530,16
GU131907,59
GU131897,46
GU131797,2
GU131860,14
GQ868592,13
GU131785,2
FJ898419,57
GU131856,14
FJ898383,2
GU131758,57
FJ461328,55
FJ882527,57
FJ898427,15
FJ744704,45
GU131697,11
GU131847,14
AY770511,31
FJ882592,28
FJ850098,14
FJ744720,46
GU131835,16
GU131909,59
GU131716,2
FJ810414,59
FJ882525,57
GQ868584,28
GQ199882,28
FJ882557,11
GQ199859,16
GQ868498,16
GQ199901,19
GU131683,2
FJ744724,46
GU131714,11
GQ199842,57
GQ868552,5
GU131779,21
GU131773,55
GU131900,46
GU131939,59
GQ868605,15
GQ868599,13
GQ868511,16
GU131752,11
GQ199817,57
FJ850109,14
GU131691,2
GU131912,59
FJ898401,57
FJ850120,45
GU131859,14
GU131929,46
GU131930,46
FJ882519,57
FJ850090,17
GU131857,14
GU131692,57
GU131705,15
GQ868639,57
GU131805,57
FJ850052,20
FJ898377,57
GQ868629,59
GQ199774,18
GU131735,2
GU131905,59
FJ898399,57
GQ868550,45
GQ199840,57
FJ850118,45
GQ868643,28
FJ850086,14
FJ898433,16
GU131890,57
FJ882572,3
FJ882567,15
GQ868566,32
GU131927,46
FJ850076,45
FJ882578,14
FJ898387,57
GU131775,15
GU131749,55
GQ868521,16
GQ868540,5
FJ850092,14
FJ882532,57
GU131703,21
GU131717,57
FJ898409,15
FJ882591,28
GU131848,14
GU131712,55
FJ882545,11
GQ868532,16
FJ882589,28
FJ898375,57
FJ898414,15
GQ868514,16
GU370051,41
GU370048,57
GU369819,45
GU363549,31
GU370053,3
GU370050,41
GU289913,28
GU131967,16
GU131950,14
GU131970,16
GU131951,14
GU131958,16
GU131947,45
GU131954,14
GU131963,16
GU131948,32
GU131966,16
GU131977,16
GU131978,16
GU131968,16
GU131973,16
GU131975,45
GU131980,16
GU131982,16
GU131983,16
GU131969,16
GU131949,32
GU131961,16
GU131979,16
GU131984,16
GU131972,16
GU131974,45
GU131953,14
GU131964,16
GU131981,16
GU131965,16
GU131959,45
GU131962,16
GU131976,16
GU131971,16
GU131956,16
GU131960,16
GU131952,14
GU131957,16
HM756280,20
HM181940,21
HM631852,21
HM181963,57
HM756274,20
HM181971,45
HM181964,2
HM631866,45
HM631858,20
HM488257,38
HM181939,57
HM631850,57
HM181942,57
HM631861,20
HM181944,57
HM488255,21
HM756279,20
HM631868,45
HM181966,15
HM181976,20
HM181952,55
HM181946,21
HM631862,20
HM181933,59
HM181960,2
HM181935,59
HM181950,21
HM756282,20
HM631864,20
HM181957,21
HM181969,2
HM631857,20
HM181948,21
HM631855,16
HM181959,21
HM181962,2
DQ672563,29
HM756276,20
HM181973,20
DQ672559,29
HM181937,21
HM181974,20
HM181975,20
HM181938,21
HM181943,21
HM181955,21
HM631869,20
HM631853,21
HM181941,21
HM631860,20
HM488256,2
HM181965,55
HM181953,21
HM181978,20
HM181977,20
HM631851,2
HM181967,2
HM756278,20
HM181970,11
HM181945,57
HM631859,20
HM756277,20
HM181951,57
HM181956,21
HM181934,59
HM631863,20
HM631865,45
HM756281,20
HM181947,21
HM181961,57
HM181954,21
HM181972,20
HM181958,21
HM181936,21
HM631856,20
HM181968,15
HM181949,21
HM756275,20
HM631867,45
HM631854,59
DQ672561,29
DQ672557,29
DQ672558,29
DQ672562,29
DQ672560,29
DQ672556,29
DQ672564,29
HM582111,13
GQ398256,37
GQ398281,5
HM582116,13
GQ398262,10
HM582103,13
GQ398301,5
HM582104,13
GQ398302,5
EU482755,45
HQ166034,20
U88536,29
HQ166030,20
EU482753,45
EU482752,45
HQ166035,16
HQ166032,20
HQ166036,16
EU482751,45
U87411,46
HQ166037,16
AY099336,3
HQ166031,20
HQ166033,20
HQ541790,20
HQ705618,20
HQ705620,20
HQ541806,20
HQ705616,20
HQ705614,20
HQ705621,20
HQ541785,20
HQ671178,20
HQ541789,20
HQ705625,45
HQ671176,20
HQ705612,20
HQ705611,20
HQ705624,45
HQ541796,20
HQ705613,20
HQ705617,20
HQ671177,20
HQ541795,20
HQ705615,20
HQ705609,20
HQ541797,20
HQ541791,20
HQ705610,20
HQ705622,20
HQ705623,20
HQ705619,20
JF295012,59
HQ891025,20
JF937644,16
JF937596,15
JF730048,46
JF937623,20
JF937630,20
JF937615,57
JF937613,15
JF937606,2
JF937600,2
JF937625,20
JF937621,20
JF730052,45
JF937608,21
JF937601,2
JF937648,20
JF937624,20
JF937620,20
JF730049,46
JF937603,57
JF937614,2
JF937651,22
JF937619,55
JF730047,46
JF937641,20
JN000936,20
JF937598,23
JF937626,20
JF937634,20
JF937649,18
JF937610,2
JF937604,2
JF937622,20
JN000938,20
HQ235027,14
JF937642,20
JF937647,20
JF937643,20
JF937631,20
JF937638,20
JF937629,20
JF937618,21
JF937607,2
JF504679,31
JF937627,20
JF730044,8
JF937637,20
JF937605,2
JF937636,20
JF937611,2
JF937597,11
JF937612,24
JF937632,20
JF937645,16
JF937628,20
JF730051,45
JF937602,57
JF937616,15
JF937639,20
JF937633,20
JF937617,21
JN000937,20
JF937599,-1
JF937650,11
JF730045,46
JF937652,20
JF937646,20
JF937609,21
JN000935,2
JF730046,46
JF937640,20
JF937635,16
JF920397,20
JF920395,20
FJ196850,52
JN093514,20
JF920399,20
JF920404,20
JN093516,57
JF920408,20
FJ176779,55
JF920396,20
FJ196841,29
JF920409,20
GU289914,46
FJ644564,31
FJ176780,2
HQ541798,19
JF920394,20
FJ196851,46
FJ196852,38
JN093517,20
HQ891024,19
FJ196854,38
JN183884,20
FJ196842,29
JF730050,19
FJ196847,-1
JF920405,20
FJ196849,37
FJ196844,55
JF920406,20
JF920393,20
JF920400,20
GQ466079,31
JF730055,19
HQ891023,19
FJ196845,29
JF920407,20
FJ196848,25
FJ196846,29
JF920398,20
JN093513,20
JN093515,20
JF920401,20
JF327392,38
FJ196843,2
JF920402,20
FJ196853,38
JF920403,20
JN205310,29
JF459993,25
JN819421,45
JN819422,45
JN819405,32
JN819409,28
JN819423,18
JN819413,32
JN819403,16
JN819425,32
JN819418,5
JN819415,16
JN819417,16
JN796245,19
JN819412,32
JN819410,32
JN819406,28
JN819408,45
JN819419,45
JN819424,45
JN819402,16
JN819416,45
JN819420,45
JN819411,32
HQ999999,45
JN819414,32
JN819407,45
JQ287661,26
JN697057,57
HQ624983,57
JQ287662,-1
JN662391,31
JN697056,29
JQ287663,-1
JQ287660,26
JF262783,52
JQ287666,16
JN983813,28
JN697379,27
JQ287665,-1
JQ287667,-1
JQ287664,23
JN638336,53
JQ045636,57
JQ045638,2
JQ045642,2
JQ045687,59
JQ045644,2
JQ045655,2
JQ045651,2
JQ045664,2
JN851124,38
JN851129,38
JQ045677,46
HQ332176,28
JQ045654,2
JQ045666,2
JQ045691,59
HQ332182,16
JN851127,38
HQ332180,32
JQ045633,2
JN851118,41
JQ045640,2
JN638344,53
JQ045682,46
JQ045695,59
HQ332178,32
HQ332183,16
JQ045657,57
JQ045630,21
JQ045631,21
JQ045668,2
JQ045648,2
JN851114,41
HQ332173,28
JQ045681,46
HQ332179,32
JQ045641,2
JQ045653,2
JQ045665,2
HQ332186,45
JN851113,41
HQ332187,45
JN851119,41
JQ045679,46
JQ045694,59
JN851120,41
JN851116,41
JN638337,53
JQ045659,2
JQ045639,2
JN638343,7
JN638339,7
JQ045647,2
JN851115,41
HQ332181,32
HQ332177,32
HQ332190,45
JQ045680,46
HQ332185,45
JQ045692,59
HQ332172,28
JN851122,41
JQ045686,46
JQ045649,2
HQ332174,28
JN638340,7
JQ045656,2
JN851126,38
JQ045673,46
JQ045689,59
JQ045661,2
JQ045643,2
JQ045685,46
JN851121,41
JN638342,53
JQ045667,2
JQ045646,2
JN638341,53
JN851131,38
JQ045663,2
JQ045634,2
HQ332175,28
JQ045652,2
HQ332184,45
JQ045678,46
JQ045626,2
JN851128,38
JN851125,38
JQ048541,57
JQ045676,46
JQ045670,46
HQ332188,45
HQ332170,14
JQ045629,2
JQ045628,21
JN851130,38
JQ045632,2
JF741967,37
JQ045688,59
JQ045650,2
JN851123,38
JQ045690,59
JN638338,53
HQ332171,14
HQ332189,45
JQ045660,2
JQ045674,46
JQ045671,46
JQ045669,46
JQ045683,46
JQ045662,2
JQ411814,3
JF357907,45
HQ541793,45
HQ541794,45
JX079688,45
JN903581,43
JQ822247,37
JN903579,43
HQ541792,45
JN903580,43
HQ541787,45
JF357905,45
JF357906,45
JX079690,45
JN903578,16
HQ541788,45
HQ541786,45
HQ733861,45
HQ634199,45
JX079694,45
JN559740,28
JN559741,28
HQ541799,19
JF730054,19
JF730053,19
JX470186,38
HM469968,57
JQ513330,28
JQ513343,28
JQ513335,28
JQ513337,28
HM469966,57
JQ513332,28
JQ513336,28
JQ513341,28
HM469967,57
JQ513338,28
JQ513333,28
JQ513340,28
JQ513334,28
JQ513331,28
JQ513339,28
KC261634,59
KC131141,21
HQ026763,45
KC425219,14
KC131140,21
KC131142,38
JQ915085,37
JX024757,37
JQ920477,30
JQ915089,37
JQ920488,30
JQ915083,37
JQ920476,30
JQ920489,30
JX024758,37
JN638572,52
JQ915071,29
JQ920481,30
JQ920485,30
JQ920484,30
JN638570,52
JQ920482,30
JQ915075,29
JQ915084,37
JQ920486,30
JQ915077,29
JQ920487,30
JQ915087,37
JQ915082,37
JQ920483,30
JQ915076,29
JQ915074,29
JQ915080,29
JQ915086,37
JQ915090,37
KC759167,21
JQ915073,29
JQ920479,30
JQ920480,30
KC333651,37
JQ915081,37
JQ915079,29
JQ915088,37
JQ920478,30
JQ915072,29
AB608788,53
JX286524,45
HG316482,57
JX286521,45
JX286516,45
JX286522,45
JX286526,45
AB608786,2
HG316483,59
AB608789,-1
JX286518,45
JX286519,45
KF184975,-1
JX286517,45
JX966379,13
AB608787,55
JX286525,45
JX286523,45
JX286520,45
JX966380,13
HG316481,57
JX669496,14
JX669471,16
JX669506,14
JX669480,5
JX669479,45
JX669487,5
JX669498,14
JX669463,32
JX669503,14
JX669475,16
JX669473,16
JX669505,14
JX669467,16
JX669486,5
JX669493,14
JX669489,14
JX669494,14
JX669483,5
JX669476,45
JX669504,14
JX669468,16
JX669500,14
JX669464,17
JX669474,16
JX649148,8
JQ675358,16
JX649147,8
JX669492,14
JX669507,14
JX669469,16
JX669488,5
JX669472,16
JX669495,14
JX669497,14
JX669490,14
JX669491,14
JX669502,14
JX669465,17
JX669477,45
JX669466,32
JX669470,16
JX669481,5
JX669478,45
JX669501,14
JX669461,17
JX669484,5
JX669508,14
JX669485,5
JX669482,5
JX669462,32
JX669499,14
KJ189336,16
KJ189268,14
KJ189263,14
EU920834,45
EU920846,45
KF041260,52
EU920832,45
KF955472,14
EU920838,45
KF955364,5
KF955366,45
KF955449,14
JF808126,14
KJ189280,14
KJ189293,14
KJ189360,32
KF955372,5
JF808119,14
KF955507,59
KJ189295,14
KJ189353,32
KJ189261,14
KJ189323,16
KF955468,14
JF808127,14
KF921935,24
KF955473,14
KJ189345,16
KJ189322,16
EU920831,45
EU920848,45
KF041235,47
KF041256,31
KF955373,5
KF955460,59
KF955402,46
KF955442,16
KJ189282,14
KJ189277,14
KF041258,31
KJ189333,16
KJ189310,45
EU920842,45
KF955395,45
KF921911,-1
KF955474,3
KC964094,38
KJ189320,16
KF955446,2
EU920833,45
KJ189274,14
KF955401,46
KF955363,5
KJ189281,14
EU920830,45
KJ189299,14
JN054255,55
KJ189278,14
KJ189286,14
KF955365,45
KF955487,14
KF824903,39
EU920850,45
KJ189351,32
KJ189300,14
KJ189294,14
EU920841,45
KJ189357,32
KF921949,2
KF955510,52
KJ189290,14
KF955486,14
KF041255,31
KJ189302,32
KJ189276,14
EU920839,45
JF808123,14
JX475906,47
EU920847,45
KJ189264,14
KJ189275,14
KF041237,47
KJ189324,16
KF955464,59
KJ189297,14
KJ189350,32
KF955443,16
KJ189315,16
KJ189285,14
KJ189288,14
EU920845,45
KC964095,46
KJ189267,14
KJ189335,16
JF808120,14
KF955369,45
KJ189271,14
KJ189311,45
KJ189329,16
KJ189368,16
KF041259,31
KJ189256,14
KF955360,5
KJ189358,32
KJ189334,16
KF921934,57
KF041234,47
KF921916,20
KJ189355,32
KJ189289,14
KJ189306,16
KJ189347,16
KJ189344,16
KJ189304,32
KJ189259,14
KJ189313,16
KF955457,59
KJ189319,16
KJ189303,32
KJ189363,-1
KJ189332,16
KF955444,21
KJ189364,32
KJ189317,16
EU920843,45
KJ189321,16
KJ189326,16
KJ189296,14
KF955359,5
KF955362,45
KJ189265,14
KF955454,14
KJ189269,14
KJ189262,14
KJ189257,14
KJ189327,16
KJ189369,16
KJ189312,16
KF955459,59
KJ189331,16
KJ189341,16
KF955332,59
KF955463,59
EU920837,45
JN054256,55
KF041254,31
EU920840,45
KF955465,14
KF041233,47
KJ189340,16
KF955461,59
KJ189305,45
KJ189348,16
KF955476,59
KJ189260,14
KJ189339,16
KJ189325,16
EU920828,45
KJ189258,14
KF955477,59
KF955427,16
JF808121,14
KJ189328,16
KJ189330,16
KF955505,14
KJ189292,14
KJ189270,14
KJ189308,45
KJ189301,14
KF041232,47
KF955453,14
KJ189298,14
KF955458,59
KJ189266,14
KJ189356,32
KC964093,38
KJ189354,32
KJ189346,16
KF824902,39
JF808129,14
KJ189349,16
KJ189361,32
KF955456,14
KJ189316,16
KJ189338,16
KF041257,31
KJ189366,32
KJ189343,16
KJ189272,14
KJ189367,32
JF808118,14
KJ189362,32
JQ955624,47
KJ189283,14
KJ189314,16
KJ189359,32
JF808125,14
KJ189284,14
KF955462,59
KJ189365,-1
JF808122,14
JQ955623,47
KJ189309,45
KJ189307,16
KJ189352,32
KF955333,59
KJ189337,16
KJ189279,14
KF955466,14
KF955451,14
KF921942,2
KJ189342,16
KF955479,14
JF808128,14
KJ189291,14
KJ189287,14
KF921933,22
KJ189318,16
JF808124,14
KJ189370,45
KJ189273,14
KF955471,14
KF954949,31
KF971870,57
KF954946,31
KF971869,57
KF887994,21
JQ692085,43
KJ160505,3
AY277659,16
KF971871,57
KF954945,31
KJ160504,28
KF954947,31
KF954948,31
HE795086,57
JQ922547,33
JQ922552,13
JQ922553,13
JQ922559,52
JQ922550,13
JQ922557,31
JQ922560,52
JQ922545,43
JQ922555,3
JQ922548,43
JQ917404,43
AY277665,16
JQ922554,27
JQ922544,16
JQ922558,52
KJ438296,57
JQ922556,31
JQ922549,47
JQ922551,47
JX073928,45
KJ438293,57
KJ643590,14
FJ390389,19
JQ922546,0
KF289072,43
AY277666,16
AY277664,16
KJ726662,55
KJ734727,19
KC294205,45
KJ918750,13
KC294214,45
KF704354,19
KJ830751,3
KC294209,45
KC294211,45
KC294222,5
KC294220,45
KF704355,19
KJ933413,29
KC294223,45
KC294218,45
KF704356,19
KC294221,45
KC294212,45
KJ830750,47
KC294207,45
KC294203,45
KF704357,19
KC294204,45
KC294210,45
KC294215,45
KC294216,5
KF704358,19
KC294208,45
KC692495,32
KC692496,32
KC692503,32
KC692513,17
KC692504,32
KC692509,32
KC692497,32
KC692514,32
KC692510,32
KC692505,32
KC692506,32
KC692511,17
KC692512,32
KC692515,32
KC692499,32
KC692508,32
KC692517,32
KC692500,32
KC692501,32
KC692516,32
KC692507,32
KC692498,32
KC692502,32
KF973465,16
KF973478,20
KF744403,35
KF973485,20
KF973459,16
KF973481,20
KF973480,20
KF744400,35
KF973474,16
KF973470,16
KF973473,16
KF973468,16
KF744406,35
KF973455,16
KF973462,16
KF744399,34
KF744408,34
KF744401,35
KF973482,20
KF973467,16
KF973486,20
KF973461,16
KF973456,16
KF973464,16
KF973479,20
KF973466,16
KF973471,16
KF973487,20
KF973469,16
KF973457,16
KF973475,16
KF744407,34
KF973483,20
KF973463,16
KF973454,16
KF973476,20
KF744404,35
KF744405,35
KF973472,16
KF973458,16
KF973484,20
KF973453,16
KF744402,34
KJ649286,53
KF973460,16
KF973477,20
KJ622193,39
KM279540,41
KM279545,41
KM279586,41
KJ622195,39
KM279538,41
KM279590,41
KM279557,41
KM279520,41
KM279554,41
KJ622198,39
KM279592,41
KM279600,41
KJ622191,39
KM279536,41
KM279575,41
KM279570,41
KM279563,41
KM279565,41
KM279548,41
KM279581,41
KM279534,41
KM279519,41
KM279526,41
KM279573,41
KM279578,41
KM279559,41
KM279598,41
KM279568,41
KM279525,41
KJ622199,39
KM279535,41
KM279517,41
KM279555,41
KM279560,41
KM279546,41
KJ622197,39
KM279550,41
KM279588,41
KM279567,41
KM279522,41
KM279544,41
KM279601,41
KM279553,41
KM279533,41
KM279528,41
KM279582,41
KM279564,41
KM279551,41
KM279543,41
KM279521,41
KJ622192,39
KM587709,19
KM279587,41
KJ622194,39
KM279539,41
KM279515,41
KM279541,41
KM279595,41
KM279593,41
KM279562,41
KM279571,41
KM279537,41
KM279599,41
KM279530,41
KM279549,41
KM279518,41
KM279561,41
KM279532,41
KM279552,41
KM279572,41
KM279594,41
KM279558,41
KM279591,41
KM279524,41
KM279523,41
KJ622196,39
KM279542,41
KM279556,41
KM279566,41
AB479041,8
KJ737430,59
KJ737429,59
KC762646,57
KC762628,29
KC762652,57
KJ701507,47
KC762634,57
KC762631,57
KM190936,28
KC762670,38
KC762637,57
KC762626,57
KC762669,38
KC762684,40
KC762673,38
KC762629,57
KC762653,29
KC762688,36
KC762645,57
KC762623,57
KC762685,36
KC762651,29
KC762632,57
KC762650,57
KC762665,38
KC762640,29
KC762681,36
KC762694,37
KC762642,57
KC762660,38
KC762633,57
KC762621,57
KC762662,38
KC762636,57
KC762666,38
KC762699,37
KC762697,37
KC762644,57
KC762698,37
KC762639,57
KC762655,38
KC762672,38
KC762679,38
KC762675,38
KC762656,38
KC762682,36
KC762695,37
KC762654,57
KP723479,38
KC762691,40
KC762693,40
KC762661,38
KC762692,40
KC762647,57
KC762678,38
KC762677,38
KC762649,57
KC762687,36
KP686070,43
KC762627,57
KP723482,37
KC762622,57
KC762659,38
KC762686,36
KC762624,57
KC762668,38
KC762674,38
KC762664,38
KC762630,29
KC762671,38
KC762683,36
KC762658,38
KC762641,57
KC762625,57
KC762667,38
KR779782,41
KM190937,-1
KC762638,57
KC762680,38
KC762657,38
KC762663,38
KC762690,36
KC762696,37
KC762676,38
KC762648,57
KC762635,57
KC762620,29
KC762643,57
KC762689,36
KF360005,47
KJ010185,47
KJ010186,47
KF289073,0
KM217157,47
KT187562,43
KM217156,47
KP406801,43
KP406806,52
KT187560,43
KP406805,27
KT187559,43
KT187554,38
KT187553,38
KR296744,39
KR296743,39
KT187564,57
KT187561,43
KT187558,38
KT276273,28
KP406803,29
KR922405,52
KR920365,38
KM217158,47
KP406802,57
KT187557,38
KT187555,38
KT187556,38
KT187563,43
LC111438,38
LC121816,47
KM403620,43
KR024706,43
KR024707,43
KM403582,43
KM403592,43
KM403596,43
KM403599,43
KM403605,43
KM403606,43
KM403608,43
KM403609,43
KM403610,43
KM403612,43
KM403613,43
KM403615,43
KM403616,43
KM403619,43
KM403626,43
KM403628,43
KM403629,43
KU216209,31
KM403601,43
KM403611,43
KM403622,43
KM403633,43
KM403634,43
KM403636,43
KR024705,43
KM403595,43
KM403587,43
KM403588,43
KM403591,43
KU216208,31
KM403614,43
KM403589,43
KM403617,43
KM403618,43
KM403627,43
KM403577,43
KM403584,43
KM403624,43
KM403575,43
KM403576,43
KM403579,43
KM403580,43
KM403581,43
KM403586,43
KM403578,43
KM403583,43
KJ755855,55
KM403585,43
KM403621,43
KM403623,43
KM403625,43
KM403630,43
KM403631,43
KM403632,43
KM403635,43
KM403600,43
KM403602,43
KM403597,43
KM403603,43
KM403590,43
KM403593,43
KM403598,43
KM403604,43
KM403607,43
KR024708,43
LC128301,29
KP140942,28
EU359008,57
KM403594,43
KT726341,14
KT726340,14
KU094070,19
KT726355,14
KU725663,46
KU094071,44
KU725664,46
KT726358,14
KT726354,14
KT726352,14
KT726351,14
KT726361,14
KT726357,14
KT726345,14
KT726344,14
KU725665,27
KT726348,14
KT726360,14
KT726359,14
KT726356,14
KT726353,14
KT726350,14
KT726349,14
KT726347,14
KT726346,14
KT726343,14
KT726342,14
KU725666,27
AY858041,40
AY858035,38
AY858040,40
AY858044,40
AY858045,40
AY858039,40
AY858042,40
AY858047,40
AY858036,38
KX380796,43
KX380797,29
KX380798,21
KX380799,43
KX380800,43
KX380801,43
KX380802,43
KX380803,43
KX380804,43
KX380805,43
KX380806,43
KX380807,38
KX380808,38
KX380809,38
KX380810,38
KX380811,41
KX380812,41
KX380813,41
KX380814,41
KX380815,60
KX380816,41
KX380817,41
KX380818,60
KX380819,38
KX380820,41
KX380821,41
KX380822,38
KX380823,41
KX380824,41
KX380825,41
KX380826,41
KX380827,41
KX380828,47
KX380829,47
KX380830,38
KX380831,41
KX380832,38
KX380833,38
KX380834,41
KX380835,38
KX380836,38
KX380837,41
KX380838,38
KX380839,40
KX380840,40
KX380841,31
KX380842,31
KP723473,43
KP723476,57
KP723478,38
KP012546,38
KU517847,60
KU517846,38
KU517845,38
AY858046,40
KX372564,60
KX274130,42
KU523872,37
KU523871,37
KU513442,28
KU513441,28
AY858038,36
KP188543,17
KP188541,32
KP188540,32
KP188539,17
KU365903,38
KU365902,38
KU365901,38
KU365900,57
AY858037,40
KP188564,28
KP188568,17
KP188567,17
KP188566,28
KP188563,28
KP188562,28
KP188560,28
KP188558,28
KP188557,28
KP188556,45
KP188553,45
KP188550,45
KP188548,17
KP188547,17
KP188546,17
AY858043,40
KU666939,57
KU666942,57
KU666941,57
KU666940,57
KX702403,45
KU509252,32
KU509251,32
KU509250,55
KU509249,32
KU509287,52
KU509286,31
KU509284,59
KU509283,3
KU509282,31
KU509281,31
KU509280,59
KU509279,36
KU509278,14
KU509277,38
KU509276,38
KU509274,38
KU509273,46
KU509272,41
KU509271,47
KU509270,38
KU509269,38
KU509268,38
KU509267,45
KU509265,21
KU509264,32
KU509263,57
KU509262,57
KU509260,57
KU509259,57
KU509258,53
KU509257,57
KU509256,57
KU509255,43
KU509254,32
KT424097,39
KY415992,45
KX225484,43
LC129169,46
KX845005,52
KP792537,52
KR779786,41
KX621253,57
KX621248,60
KX621247,60
KX621246,60
KX621245,60
KX459392,43
KX459390,43
LC016760,57
LC011949,57
LC011948,57
LC011947,57
LC011946,57
LC011945,57
KY627763,10
KY627762,10
AB195673,29
KX459389,43
KX459387,43
KX459386,43
KY921910,37
KY921909,37
KY921907,31
KY921906,40
KY921905,60
KY921904,38
KY921903,43
KY921902,57
KX452068,57
KX452067,57
KX452065,57
KX452064,57
KX452061,57
KX452060,57
KX452059,57
KX452058,57
KX452057,57
KX452055,57
KX452054,57
KX452053,57
KX452052,57
KX452051,57
KX452046,60
KX452045,60
KX452040,60
KX452039,60
KX452038,60
KX452037,60
KX452033,60
KX452032,60
KX452031,60
KX452030,60
KX452029,60
KX452028,60
KX452027,60
KX452026,60
KX452025,60
KX452024,60
KX452023,60
KX452022,60
KX452020,60
KX452019,60
KX452018,60
KX452017,60
KX452016,60
KX452015,38
KY427085,47
KY427084,47
KX224312,52
KJ806963,57
KJ806946,55
KJ806945,57
KJ806944,57
KJ806943,57
KJ806941,55
KJ806939,29
KX224263,57
KX224261,57
KR779783,43
KJ806961,57
KJ806959,57
KJ806953,57
KJ806951,57
KJ806950,43
KJ806949,57
KJ806947,57
GQ357692,43
JF960211,43
JN544411,29
JN544410,29
JN544409,43
JN544407,43
KX595191,2
KT279761,32
KT827369,57
KT827379,57
KT827378,43
KT827377,43
KT827376,57
KT827375,43
KT827374,43
KT827373,57
KT827372,57
KT827371,57
KT827370,57
KT827368,57
KT827367,29
KT827366,29
KT827365,55
KT827364,29
LT898452,3
LT898451,3
KY829115,16
KY863456,40
MF405201,55
MF370226,31
KX702404,45
KY937190,47
KY937189,47
KY937188,47
KY937187,47
KY937186,47
KY937185,47
MF576311,44
KX951689,29
KX951690,57
MF797878,32
MG189962,38
KY496854,29
KY496855,29
KY496856,57
KY882458,38
KY474303,32
KY474304,32
KY474306,32
KY474309,45
KY474310,45
KY474311,45
KY474315,45
KY474316,45
KY474317,45
KY474318,45
KY474320,45
KY474321,45
KY474322,45
KY474324,45
KY474325,45
KY474326,45
KY474328,45
KY474330,45
KY474332,45
KY474333,45
KY474334,45
KY474335,28
KX855927,31
LC367234,47
MF681692,57
MF681693,57
MF683116,57
MF683117,57
KY849740,57
KY670633,8
KY670634,59
KY670635,52
KY849765,46
KY849766,46
KY849767,46
KY849768,46
KY849769,39
KY849770,39
KY849771,39
KY849772,39
KY849773,39
KY849774,39
MG601754,52
KY849701,57
KY849702,55
KY849703,55
KY849704,57
KY849705,57
KY849706,55
KY849707,57
KY849708,57
KY849709,57
KY849710,57
KY849711,57
KY849712,57
KY849713,57
KY849714,57
KY849715,57
KY849716,57
KY849717,57
KY849718,57
KY849719,57
KY849720,21
KY849721,57
KY849722,57
KY849723,57
KY849724,55
KY849725,55
KY849726,55
KY849727,57
KY849728,55
KY849729,55
KY849730,55
KY849731,55
KY849732,55
KY849733,55
KY849734,55
KY849735,55
KY849736,55
KY849737,55
KY849738,55
KY849739,55
KY849741,55
KY849742,57
KY849743,21
KY849744,57
KY849745,57
KY849746,55
KY849747,55
KY849748,57
KY849749,57
KY849750,57
KY849751,57
KY849752,46
KY849753,46
KY849754,46
KY849755,46
KY849756,46
KY849757,46
KY849758,46
KY849759,46
KY849760,46
KY849761,39
KY849762,52
KY849763,46
KY849764,46
KY849775,39
KY794785,38
KY794786,40
KY794787,40
KY794788,40
KY794789,40
KY794790,40
KY926848,2
KY926849,29
MG779194,47
MG779195,47
MG779196,47
MG779197,47
MG779198,47
MG779199,47
MG779200,47
MG779201,47
MG779202,47
MG779203,47
MF043956,38
MG272272,52
MG272274,52
MF004384,16
MF004385,38
MF004386,36
MF004387,28
MF314188,57
MF314189,60
LC335871,57
LC335872,57
LC335873,57
LC335874,57
LC335875,57
LC335876,57
LC335877,57
LC335878,57
LC335879,57
LC335880,57
LC335881,57
MF156233,47
MF156234,47
MF156235,47
MF156236,47
MF156237,47
MF156238,47
MF156239,47
MF156240,47
MF156241,47
MF156242,47
MF156243,47
MF156244,47
MF156245,47
MF156246,47
MF156247,47
MF156248,47
MH069495,45
MH069496,45
MH069497,45
MH069498,45
MH069499,45
MH215277,45
KX618705,43
KX618706,43
MH450312,32
MF459663,46
MH544650,14
MH544651,14
MG679800,55
MG679801,55
MH544647,14
MH544649,14
MG560265,57
MG560266,57
MG560267,43
MG560268,43
MG560269,43
MF033224,43
MF033225,57
MF033226,43
MF033227,43
MF033228,57
MF033229,43
MF033230,57
MF033231,29
MF033232,57
MF033233,57
MF033234,43
MF033235,57
MF033236,57
MF033237,43
MF033238,43
MF033239,2
MF033242,43
MF033240,57
MF033241,43
MF033243,43
MF033196,55
MF033197,43
MF033198,43
MF033199,2
MF033200,43
MF033201,55
MF033202,55
MF033203,55
MF033204,43
MF033205,43
MF033206,57
MF033207,57
MF033208,57
MF033209,57
MF033210,55
MF033211,43
MF033212,43
MF033213,43
MF033214,57
MF033215,55
MF033216,57
MF033217,57
MF033218,57
MF033219,55
MF033220,57
MF033221,55
MF033222,57
MF033223,57
MF033254,2
MF033255,43
MF033256,43
MF033257,57
MF033258,57
MF033259,57
MF033260,57
MF033261,43
MF033244,57
MF033245,57
MF033246,57
MF033247,57
MF033248,57
MF033249,57
MF033250,57
MF033251,43
MF033252,43
MF033253,43
MG877554,21
MG877555,2
MG877556,57
MG877557,4
MH110566,60
MH110569,60
MH110571,60
MH110573,60
MH110576,60
MH110578,60
MH110580,60
MH110581,60
MH110583,47
MH110592,47
MH110593,60
MH110594,60
MH110595,60
MH110596,60
MH110597,60
MH110598,60
MH110599,60
MH110600,60
MH110603,60
MH382789,37
MG560143,47
MG560144,47
LC410183,55
LC410184,46
LC410185,46
LC410186,46
LC410187,46
LC410188,46
LC410189,60
LC410190,60
LC410191,60
LC410192,31
LC410193,31
LC410201,52
LC410202,52
LC410203,52
MF682966,40
MF682967,40
MF682968,40
MF682969,40
MF682970,40
MF682971,39
MF682972,39
MF682973,39
MF682974,39
MF682975,39
KY923048,42
KY057370,57
KY057371,29
KY057372,57
KY057373,57
LC410194,31
LC410195,31
LC410196,52
LC410197,52
LC410198,52
LC410199,52
LC410200,52
MH921566,29
MH921567,29
MH985858,38
MH985859,38
MG767211,57
KY057365,57
KY057366,29
KY057367,57
KY057368,29
KY057369,57
MH822957,31
MH822958,43
MH822939,47
MH822940,47
MH822941,47
MH822942,47
MH822943,47
MH822944,47
MH822945,47
MH822946,47
MH822947,47
MH822948,47
MH822949,47
MH822950,47
MH822951,47
MH822952,47
MH822954,47
MH822955,47
MH822956,47
MG721060,43
MG721063,43
MG721059,3
MG721061,31
MG721064,31
MG721055,47
MG721056,47
MG721057,47
MG721058,47
MH010629,60
MH888331,46
MH888332,39
MH888333,14
MH888334,37
MK268692,46
KY672937,57
KY672938,57
KY672939,57
KY672940,57
KY672941,55
KY672942,55
KY672943,55
KY672944,43
KY672945,46
KY672946,46
KY672947,46
KY672948,46
KY672949,46
KY672950,47
KY672951,47
KY672952,47
KY672953,47
KY672954,47
KY672956,52
KY672958,52
KY672960,52
MH823207,57
MH823208,38
MH823209,40
MH823210,37
KY672931,55
KY672932,55
KY672933,57
KY672934,55
KY672935,55
KY672936,55
MK513444,60
MH271402,57
MH271403,57
MH271404,57
MH271405,43
MH271406,43
MK506262,44
MK506263,46
MK506264,19
MK506265,27
MK506266,52
MH613984,19
MH613985,19
MH613986,19
MK564476,38
MK564477,38
MK564478,38
MK564479,60
MK564480,60
MK564481,60
MK564482,38
MK564483,60
MK564484,60
MK564485,60
MK564486,38
MK564487,38
MK564488,47
MK578531,47
MK578532,38
MK578533,47
MH781014,45
MK514144,28
MG097875,43
MG097876,57
MK629884,60
MK629885,47
MK629886,47
MK614088,52
MK614089,37
MK614090,52
MK614091,52
MK614092,52
MK614093,52
MK640208,37
NC_001477,29
MG181997,29
MH827531,46
MH827532,46
MH827533,60
MH827534,38
MH827536,60
MH827537,60
MH827539,38
MH827540,60
MH827541,60
MH827542,38
MH827543,60
MH827544,38
MH827545,38
MH827546,60
MH827547,60
MH827548,60
MH827549,60
MH827550,60
MH827552,60
MH827553,60
MH827554,60
MH827525,38
MH827526,38
MH827527,38
MH827528,60
MH827529,47
MH827530,38
MH827535,47
MN239505,45
MK411558,38
MK411559,38
LC428053,2
LC428054,2
LC428055,2
LC428056,2
LC428057,2
LC428058,2
LC428059,2
LC428060,2
LC428061,2
LC428062,2
LC428063,2
LC428064,2
LC428065,2
LC428066,2
LC428067,2
LC428068,2
LC428069,2
LC428070,2
LC428071,2
LC428072,2
LC428073,2
LC428074,2
LC428075,2
LC428076,2
LC428077,2
LC428078,2
LC428079,2
MN272404,47
MN272405,47
LC428080,2
MK005258,40
KJ579240,28
KJ579241,28
KJ579242,28
KJ579243,28
KJ579244,28
KJ579246,28
KJ579247,28
KJ579248,28
KJ596658,28
KJ596659,28
KJ596660,28
KJ596661,28
KJ596662,28
KJ596663,28
KJ596664,28
KJ596665,28
KJ596666,28
KJ596667,28
KJ596668,28
KJ596669,28
KJ596670,28
KJ596671,28
KJ596672,28
KJ596673,28
KJ596674,28
MG840538,57
MG840539,57
MG840540,43
MG840541,57
MG840542,43
MG840543,43
MG840544,57
MG840545,57
MG840548,57
MG840551,55
MG840553,55
MG840556,57
MG840557,57
MG840558,2
MG840560,57
MG840564,57
MG840565,57
MG840566,57
MG840567,29
MG840568,43
MG840569,2
MG840570,2
MG840571,2
MG840572,57
MG840573,57
MG840574,29
MG840575,57
MG840576,57
MG840577,57
MG840578,2
MG840579,29
MH891766,31
MH891767,43
MH891768,47
MH891769,52
MH891770,47
MH891771,43
MH891772,47
MG840530,57
MG840531,43
MG840532,57
MG840533,43
MG840534,57
MG840535,57
MG840536,43
MG840537,43
KJ579245,28
MF940236,47
MF940237,47
MF940238,47
MF940239,47
MF940240,47
MF940241,47
MF940242,47
MF940243,47
MF940244,47
MF940245,47
MF940246,47
MF940247,47
MF940248,47
MF940249,47
MF940250,47
MF940251,47
MF940252,47
MF940253,47
MN621140,2
JN819404,45
LC379193,31
LC379194,31
LC379195,31
LC379196,31
LC379197,31
MN018377,40
MN018378,31
MN018379,36
MN018380,36
MN018381,31
MN018382,40
MN018383,40
MN018384,40
MN018385,31
MN018386,31
MN018387,40
MN018389,36
MN018390,52
MN018391,52
MN018392,52
MN018393,37
MN018394,52
MN018395,52
MN018396,37
MN018397,52
MK517773,45
MN018354,60
MN018355,60
MN018356,38
MN018357,38
MN018358,47
MN018359,60
MN018360,60
MN018361,60
MN018362,46
MN018363,38
MN018364,38
MN018365,60
MN018367,31
MN018368,31
MN018369,39
MN018370,40
MN018371,31
MN018372,31
MN018374,40
MN018375,31
MN018376,31
MN018285,57
MN018290,29
MN018291,57
MN018293,57
MN018295,57
MN018296,57
MN018297,29
MN018298,57
MN018299,57
MN018300,57
MN018301,57
MN018319,43
MN018320,55
MN018322,57
MN018323,57
MN018324,57
MN018325,57
MN018326,2
MN018329,57
MN018332,2
MN018333,2
MN018334,2
MN018335,57
MN018336,57
MN018337,60
MN018338,60
MN018339,47
MN018340,60
MN018341,60
MN018343,60
MN018344,60
MN018345,46
MN018346,60
MN018347,60
MN018348,60
MN018349,38
MN018350,38
MN018351,38
MN018352,38
MN018353,38
MN018302,43
MN018303,55
MN018305,57
MN018306,57
MN018307,2
MN018310,57
MN018315,57
MN018317,57
MN018318,29
MN083245,40
MN083246,40
MH051731,3
MH051732,40
MH051734,37
MH048669,57
MH048670,57
MH048672,38
MH048673,38
MH048674,48
MH048675,38
MH048676,48
MH048677,3
NC_001475,3
NC_002640,28
NC_001474,46
MT447147,57
LC436673,60
LC436668,43
LC436671,47
LC436674,60
LC436676,40
LC436672,60
LC436677,40
LC436667,43
LC436669,60
LC436670,47
LC436675,60
MT180479,60
LT996904,3
LT996905,3
LT996906,3
LT996907,3
LT996908,3
LT996909,3
LT996910,3
LT996911,3
LT996912,3
MT076932,12
MT076933,12
MT076934,12
MT076935,12
MT076937,19
MT076955,28
MT897896,45
MN886865,43
MN886870,43
MN886874,43
MN886876,43
MN253125,31
MT921569,55
MT921570,38
MT921571,38
MT921572,38
MT921574,36
MN294937,47
MN566111,38
MN566112,38
MN448598,55
MN448599,57
MN448600,57
MN448601,57
MN448602,57
MN448604,57
MN448605,57
MN448606,57
MN448609,57
MN448611,57
MN448614,57
MN448618,55
MN448620,57
MN448621,57
MN448623,55
MN448624,55
MN448630,57
MN448631,55
MN448637,55
MN448638,55
MN448639,55
MN448642,55
MN448643,57
MN448645,57
MN448648,57
MN448649,57
MN448650,57
MN448652,57
MN448653,57
MN448655,57
MN448656,55
MN448657,57
MN448658,57
MN448660,55
MN448661,57
MN448663,55
MN448664,57
MN448665,57
MN448666,55
MN448667,55
MN448669,57
MN448671,57
MN448672,57
MN448673,57
MN448674,57
MN448676,57
MN448681,57
MN448682,57
MN448684,57
MN448687,57
MN448688,57
MN448691,57
MN448692,57
MN448694,55
MN448696,21
MW208055,45
MW208056,32
MW364630,2
MW364631,2
MW386865,2
MW386867,55
MK783189,60
MK783190,60
MK783191,60
MK783192,60
MK783193,60
MK783194,60
MK783195,60
MK783196,60
MK783197,60
MK783198,60
MK783199,60
MK783200,60
MK783201,60
MK783202,60
MK783203,60
MK783204,38
MK783205,38
MK783206,47
MK783207,47
MK783208,47
MK783209,47
MK783210,47
MT832037,49
MT832040,49
MT832046,49
MT832047,49
MT832048,49
MT832049,49
MT832050,49
MT832051,49
MT832052,49
MT832071,38
MT832072,38
MT832073,38
MT832074,38
MW426463,39
MW582813,50
MW582814,50
MW582815,2
MW582816,2
MW362471,57
MW362472,57
MW362474,57
MW793460,28
MW186239,60
MW186240,60
MW828678,29
MW881266,28
MW945425,15
MW945426,32
MW945428,14
MW945429,59
MW945430,59
MW945435,38
MW945436,28
MW945437,28
MW945455,52
MW945456,52
MW945457,52
MW945458,52
MW945460,52
MW945461,52
MW945462,52
MW945464,52
MW945465,52
MW945467,52
MW945469,52
MW945471,52
MW945474,52
MW945476,52
MW945477,52
MW945479,52
MW945480,52
MW945481,52
MW945482,52
MW945484,52
MW945492,52
MW945494,52
MW945495,52
MW945498,52
MW945500,52
MW945502,52
MW945503,52
MW945505,52
MW945507,52
MW945508,52
MW945509,52
MW945510,52
MW945511,52
MW945512,52
MW945514,52
MW945515,52
MW945516,52
MW945519,28
MW945520,52
MW945521,52
MW945522,52
MW945523,52
MW945524,52
MW945525,52
MW945526,52
MW945528,52
MW945530,52
MW945531,52
MW945532,52
MW945534,52
MW945538,52
MW945539,52
MW945540,52
MW945541,52
MW945544,52
MW945545,52
MW945546,52
MW945550,52
MW945551,52
MW945553,52
MW945554,52
MW945556,52
MW945557,52
MW945558,52
MW945559,52
MW945560,52
MW945561,52
MW945562,52
MW945563,52
MW945566,52
MW945569,52
MW945571,52
MW945574,52
MW945575,52
MW945576,52
MW945577,52
MW945578,52
MW945579,52
MW945582,52
MW945584,52
MW945585,52
MW945587,52
MW945588,52
MW945590,52
MW945591,52
MW945594,52
MW945595,52
MW945596,52
MW945597,52
MW945598,52
MW945599,52
MW945601,52
MW945602,52
MW945603,52
MW945604,52
MW945605,52
MW945606,52
MW945610,52
MW945611,52
MW945613,52
MW945614,52
MW945616,52
MW945617,52
MW945618,52
MW945619,51
MW945620,52
MW945625,52
MW945626,52
MW945628,52
MW945630,52
MW945632,52
MW945634,52
MW945636,37
MW945637,52
MW945638,52
MW945639,52
MW945641,28
MW945643,52
MW945644,52
MW945645,52
MW945646,52
MW945647,52
MW945648,52
MW945649,52
MW945650,52
MW945651,52
MW945652,52
MW945655,52
MW945656,52
MW945657,52
MW945660,52
MW945665,52
MW945666,52
MW945667,51
MW945670,52
MW945672,52
MW945673,52
MW945674,52
MW945675,52
MW945676,52
MW945677,52
MW945678,52
MW945680,52
MW945682,52
MW945683,52
MW945684,52
MW945686,52
MW945688,52
MW945689,52
MW945691,52
MW945692,52
MW945693,52
MW945696,52
MW945697,52
MW945700,52
MW945701,52
MW945704,52
MW945707,52
MW945710,52
MW945711,52
MW945713,52
MW945716,52
MW945717,52
MW945718,52
MW945719,52
MW945720,28
MW945723,52
MW945724,52
MW945725,52
MW945728,52
MW945729,52
MW945732,52
MW945734,52
MW945735,52
MW945736,52
MW945737,52
MW945740,28
MW945742,52
MW945744,52
MW945745,52
MW945746,52
MW945747,52
MW945748,52
MW945750,52
MW945751,52
MW945752,52
MW945754,52
MW945755,52
MW945759,52
MW945761,52
MW945773,54
MW945774,57
MW945775,55
MW945776,57
MW945777,57
MW945779,53
MW945782,57
MW945785,55
MW945787,55
MW945788,57
MW945792,55
MW945793,53
MW945794,57
MW945796,57
MW945799,21
MW945800,55
MW945801,57
MW945802,57
MW945803,55
MW945804,55
MW945806,57
MW945808,57
MW945812,57
MW945813,57
MW945814,57
MW945816,57
MW945817,55
MW945819,57
MW945820,57
MW945821,57
MW945822,57
MW945824,57
MW945825,55
MW945826,54
MW945827,57
MW945828,55
MW945832,57
MW945833,57
MW945835,54
MW945836,57
MW945838,55
MW945840,53
MW945843,55
MW945844,33
MW945845,54
MW945847,57
MW945849,57
MW945852,21
MW945854,57
MW945855,55
MW945857,55
MW945860,57
MW945861,57
MW945862,55
MW945863,54
MW945865,57
MW945866,57
MW945867,54
MW945868,57
MW945869,57
MW945870,57
MW945871,53
MW945872,55
MW945873,57
MW945874,57
MW945876,55
MW945877,57
MW945880,55
MW945883,55
MW945884,21
MW945885,57
MW945886,55
MW945893,54
MW945895,57
MW945896,57
MW945897,57
MW945898,55
MW945900,54
MW945902,57
MW945904,55
MW945905,55
MW945906,54
MW945909,55
MW945910,57
MW945911,57
MW945912,57
MW945916,55
MW945917,55
MW945920,57
MW945922,55
MW945923,57
MW945924,55
MW945925,54
MW945926,53
MW945928,55
MW945929,55
MW945930,55
MW945932,55
MW945933,57
MW945934,54
MW945935,55
MW945936,55
MW945938,55
MW945940,57
MW945943,55
MW945944,55
MW945946,57
MW945948,57
MW945949,55
MW945952,-1
MW945953,57
MW945956,57
MW945957,55
MW945960,57
MW945961,53
MW945962,55
MW945963,57
MW945964,57
MW945965,55
MW945966,55
MW945968,57
MW945972,57
MW945974,57
MW945976,53
MW945978,55
MW945979,57
MW945980,57
MW945981,55
MW945982,55
MW945983,55
MW945984,57
MW945985,55
MW945986,57
MW945987,54
MW945989,57
MW945990,57
MW945991,55
MW945994,55
MW945995,57
MW945996,55
MW945997,55
MW945998,55
MW946000,55
MW946001,55
MW946002,55
MW946003,55
MW946005,55
MW946006,55
MW946010,56
MW946012,57
MW946014,53
MW946015,55
MW946018,57
MW946019,57
MW946020,57
MW946022,55
MW946023,55
MW946025,55
MW946026,57
MW946027,54
MW946028,55
MW946030,56
MW946031,55
MW946033,55
MW946034,55
MW946035,57
MW946036,54
MW946039,55
MW946040,57
MW946043,55
MW946044,57
MW946045,54
MW946051,55
MW946052,53
MW946053,32
MW946054,57
MW946057,55
MW946059,57
MW946060,57
MW946064,55
MW946068,55
MW946070,55
MW946072,55
MW946073,57
MW946074,57
MW946076,55
MW946077,55
MW946078,55
MW946083,57
MW946086,57
MW946087,57
MW946088,57
MW946089,55
MW946090,57
MW946091,57
MW946092,57
MW946095,55
MW946097,55
MW946102,57
MW946105,55
MW946106,55
MW946107,57
MW946108,55
MW946109,55
MW946110,55
MW946113,55
MW946114,55
MW946115,57
MW946116,57
MW946118,57
MW946120,53
MW946124,57
MW946125,57
MW946126,54
MW946127,57
MW946128,57
MW946129,57
MW946130,57
MW946132,55
MW946136,57
MW946137,55
MW946138,56
MW946140,57
MW946148,57
MW946149,55
MW946150,55
MW946151,57
MW946153,57
MW946158,57
MW946161,55
MW946165,57
MW946166,21
MW946167,54
MW946168,55
MW946169,57
MW946171,57
MW946172,55
MW946173,55
MW946174,57
MW946175,54
MW946177,54
MW946179,57
MW946180,57
MW946181,55
MW946182,55
MW946185,57
MW946186,55
MW946187,55
MW946189,57
MW946192,57
MW946193,57
MW946194,21
MW946196,57
MW946197,55
MW946200,57
MW946201,57
MW946202,57
MW946204,55
MW946207,57
MW946208,21
MW946209,57
MW946210,54
MW946211,55
MW946213,55
MW946214,57
MW946215,57
MW946216,55
MW946218,55
MW946219,57
MW946221,57
MW946222,55
MW946224,54
MW946225,57
MW946226,57
MW946228,57
MW946229,55
MW946230,57
MW946232,55
MW946233,57
MW946235,55
MW946237,55
MW946238,57
MW946240,2
MW946243,55
MW946245,57
MW946246,57
MW946247,57
MW946248,55
MW946249,57
MW946250,57
MW946252,57
MW946253,16
MW946269,45
MW946345,-1
MW946475,13
MW946495,45
MW946575,13
MW946607,59
MW946609,59
MW946610,59
MW946611,59
MW946612,31
MW946613,59
MW946614,59
MW946615,31
MW946616,59
MW946618,58
MW946620,58
MW946621,59
MW946622,59
MW946624,59
MW946627,58
MW946636,59
MW946638,59
MW946641,59
MW946642,59
MW946643,59
MW946644,59
MW946646,59
MW946647,59
MW946648,59
MW946649,59
MW946650,59
MW946651,59
MW946652,58
MW946653,59
MW946654,59
MW946655,59
MW946657,59
MW946659,31
MW946660,58
MW946664,58
MW946665,59
MW946666,59
MW946668,58
MW946669,59
MW946670,59
MW946671,59
MW946672,59
MW946673,59
MW946674,59
MW946675,59
MW946676,59
MW946679,31
MW946682,59
MW946683,59
MW946684,59
MW946685,59
MW946687,59
MW946689,59
MW946690,31
MW946693,31
MW946694,31
MW946695,59
MW946697,59
MW946698,59
MW946700,59
MW946701,59
MW946702,59
MW946703,59
MW946704,31
MW946705,59
MW946706,59
MW946707,59
MW946708,59
MW946711,31
MW946712,59
MW946713,59
MW946714,59
MW946715,59
MW946716,59
MW946717,59
MW946718,59
MW946719,59
MW946720,59
MW946721,31
MW946723,59
MW946724,59
MW946725,59
MW946728,59
MW946729,59
MW946730,59
MW946731,59
MW946733,59
MW946734,59
MW946736,59
MW946737,59
MW946738,59
MW946740,59
MW946741,31
MW946742,58
MW946743,59
MW946744,59
MW946746,59
MW946748,59
MW946752,59
MW946753,59
MW946755,59
MW946756,59
MW946757,59
MW946758,59
MW946759,59
MW946760,59
MW946761,59
MW946762,59
MW946763,31
MW946764,58
MW946765,59
MW946766,59
MW946767,31
MW946768,58
MW946770,59
MW946771,58
MW946773,58
MW946775,31
MW946778,31
MW946781,59
MW946782,59
MW946783,31
MW946784,59
MW946785,59
MW946786,59
MW946787,59
MW946788,59
MW946789,58
MW946790,59
MW946791,58
MW946792,59
MW946793,58
MW946796,58
MW946797,59
MW946798,31
MW946799,31
MW946800,31
MW946801,31
MW946802,31
MW946804,59
MW946806,59
MW946807,59
MW946811,59
MW946813,59
MW946814,59
MW946815,31
MW946816,59
MW946819,59
MW946820,59
MW946822,59
MW946823,59
MW946824,58
MW946826,59
MW946827,59
MW946828,59
MW946830,59
MW946831,59
MW946833,59
MW946834,59
MW946836,59
MW946841,31
MW946843,31
MW946844,59
MW946845,59
MW946847,59
MW946848,59
MW946850,59
MW946851,59
MW946852,58
MW946854,59
MW946855,58
MW946856,59
MW946859,59
MW946860,59
MW946863,59
MW946864,59
MW946867,59
MW946868,58
MW946870,31
MW946873,59
MW946874,59
MW946876,59
MW946877,59
MW946881,31
MW946883,59
MW946884,59
MW946886,59
MW946887,59
MW946888,58
MW946889,58
MW946891,31
MW946893,59
MW946895,58
MW946896,59
MW946897,59
MW946899,59
MW946901,58
MW946903,59
MW946904,59
MW946905,59
MW946909,59
MW946913,59
MW946916,59
MW946917,59
MW946918,20
MW946919,59
MW946922,59
MW946923,59
MW946924,59
MW946925,59
MW946926,59
MW946927,59
MW946931,59
MW946933,58
MW946936,59
MW946937,58
MW946939,59
MW946940,59
MW946941,59
MW946942,59
MW946943,59
MW946944,58
MW946945,59
MW946947,59
MW946948,59
MW946951,59
MW946952,59
MW946953,59
MW946954,59
MW946955,36
MW946957,31
MW946958,31
MW946959,58
MW946960,59
MW946962,59
MW946963,59
MW946964,59
MW946965,59
MW946969,59
MW946972,58
MW946973,31
MW946974,31
MW946975,59
MW946977,59
MW946978,58
MW946979,31
MW946980,59
MW946981,59
MW946984,59
MZ008463,45
MZ008467,45
MN982899,38
MZ285732,29
MZ284953,29
MW265668,21
MW265672,21
MW512341,38
MW512342,41
MW512343,41
MW512344,41
MW512345,41
MW512346,41
MW512347,41
MW512348,41
MW512349,41
MW512350,41
MW512351,41
MW512352,41
MW512353,41
MW512354,41
MW512355,41
MW512356,41
MW512357,41
MW512358,41
MW512359,41
MW512360,41
MW512361,41
MW512362,47
MW512363,41
MW512364,38
MW512365,38
MW512366,38
MW512367,38
MW512368,38
MW512369,38
MW512370,47
MW512371,47
MW512372,47
MW512373,41
MW512374,41
MW512375,38
MW512376,38
MW512377,38
MW512378,38
MW512379,38
MW512380,38
MW512381,41
MW512382,41
MW512383,41
MW512384,38
MW512385,38
MW512386,38
MW512388,60
MW512389,60
MW512390,60
MW512391,47
MW512392,60
MW512393,60
MW512394,60
MW512395,60
MW512396,60
MW512398,60
MW512399,60
MW512400,38
MW512401,38
MW512402,38
MW512403,38
MW512404,38
MW512405,38
MW512406,38
MW512407,38
MW512408,38
MW512409,38
MW512410,47
MW512411,47
MW512412,47
MW512413,47
MW512414,38
MW512415,38
MW512417,60
MW512418,60
MW512420,60
MW512421,60
MW512422,60
MW512423,60
MW512425,60
MW512426,60
MW512427,38
MW512428,38
MW512429,38
MW512430,38
MW512431,38
MW512432,38
MW512433,38
MW512434,38
MW512435,60
MW512436,60
MW512437,60
MW512438,60
MW512439,60
MW512440,60
MW512441,60
MW512443,60
MW512444,60
MW512445,60
MW512446,60
MW512447,38
MW512448,38
MW512449,47
MW512450,38
MW512451,60
MW512454,60
MW512456,60
MW512457,60
MW512458,60
MW512460,60
MW512461,60
MW512462,60
MW512464,38
MW512465,38
MW512467,38
MW512468,47
MW512469,47
MW512470,47
MW512471,60
MW512472,60
MW512473,60
MW512474,60
MW512475,60
MW512476,60
MW512477,60
MW512479,38
MW512480,38
MW512481,60
MW512482,60
MW512483,60
MW512485,60
MW512486,60
MW512487,60
MW512488,60
MW512489,38
MW512490,47
MW512491,60
MW512492,60
MW512493,60
MW512494,60
MW512496,60
MW512497,60
MW512498,60
MW577813,45
MW577815,45
MW577816,45
MW577817,45
MW577818,45
MW577819,45
MW577820,45
MW577821,45
MW577822,45
MW577823,45
MW577824,45
MW577825,45
MW577826,45
MW577829,45
MW577831,45
MW577832,45
MW577833,45
MW577834,45
MW577848,45
MW577849,45
MW315172,2
MW315176,2
MW315177,2
MW315178,2
MW315181,2
MW315182,2
MW315183,2
MW315185,2
MW315188,2
MW315189,2
MW315191,2
MW315194,2
LC646544,2
MZ312923,43
MZ312924,43
MZ312927,43
MZ229305,43
OK159947,2
OK159964,2
OK159976,2
MK858099,47
MK858103,47
MK858104,47
MK858106,47
MK858107,47
MK858111,47
MK858112,47
MK858117,43
MK858121,55
MK858127,43
MK858128,43
MK858130,43
MK858133,43
MK858135,43
MK858137,43
MK858138,55
MK858139,43
MK858149,31
MK858152,31
MK858153,31
MZ636801,46
MZ636802,60
MZ636803,60
MZ636804,60
MZ636805,60
MN577545,60
MN577546,60
MN577547,60
MN577548,60
MN577549,60
OK534154,57
OK605599,-1
OK559627,60
OK562728,57
OK562744,57
